"movie_id","actor_id","actor_name","billing_order","character","title","release_date","year","budget","revenue","popularity","collection_id","collection_name","profitability","established_ip","revenue_2023_dollars","budget_2023_dollars"
11030,28027,"Patrick Horgan",2,"The Narrator (voice)","Zelig",1983-07-15,1983,13500000,11798616,3.3504,NA,NA,-21951384,FALSE,36094949.5616667,41299913.4036145
9072,9562,"Marlon Wayans",0,"Calvin","Little Man",2006-08-31,2006,64000000,101600000,7.4735,NA,NA,-58400000,FALSE,153566272.746063,96734659.9975197
9560,23959,"Debra Messing",5,"Betty Sutton","A Walk in the Clouds",1995-05-27,1995,20000000,50012507,3.3545,NA,NA,12507,FALSE,100003653.52315,39991457.9459696
157350,587020,"Theo James",1,"Tobias 'Four' Eaton","Divergent",2014-03-14,2014,85000000,288885818,8.7576,283579,"Divergent Collection",76385818,TRUE,371823061.03269,109402948.218727
83542,21688,"Bae Doona",5,"Tilda / Megan's Mom / Mexican Woman / Sonmi-451 / Sonmi-351 / Sonmi Prostitute","Cloud Atlas",2012-10-26,2012,102000000,130482868,5.5241,NA,NA,-124517132,FALSE,173168074.549628,135367530.426002
752623,38673,"Channing Tatum",1,"Alan / Dash","The Lost City",2022-03-23,2022,74000000,192907684,6.1347,NA,NA,7907684,FALSE,200848417.041685,77046090.4039712
150540,19278,"Bill Hader",3,"Fear (voice)","Inside Out",2015-06-17,2015,175000000,857611174,16.2218,1022790,"Inside Out Collection",420111174,TRUE,1102517889.4432,224974483.194595
1735,10727,"John Hannah",2,"Jonathan Carnahan","The Mummy: Tomb of the Dragon Emperor",2008-07-01,2008,145000000,403449830,6.5988,1733,"The Mummy Collection",40949830,TRUE,570972478.241377,205207694.213181
6075,1158,"Al Pacino",0,"Carlito Brigante","Carlito's Way",1993-11-10,1993,30000000,63848322,4.5238,625861,"Carlito's Way Collection",-11151678,TRUE,134673330.071484,63278090.5682146
446894,4238,"Common",3,"Stonekeeper (voice)","Smallfoot",2018-09-20,2018,80000000,214115531,3.5391,NA,NA,14115531,FALSE,259815077.295616,97074724.5030502
582014,6574,"Clancy Brown",3,"Stanley","Promising Young Woman",2020-12-13,2020,10000000,20379604,4.254,NA,NA,-4620396,FALSE,23993159.5165832,11773123.5192711
13183,47296,"Jeffrey Dean Morgan",5,"Edward Blake / The Comedian","Watchmen",2009-03-04,2009,130000000,185258983,8.3197,NA,NA,-139741017,FALSE,263118741.507633,184635777.666945
279,4002,"Roy Dotrice",4,"Leopold Mozart","Amadeus",1984-09-19,1984,18000000,90007557,5.9346,NA,NA,45007557,FALSE,264002359.664995,52796038.8256056
12222,14837,"Carol Burnett",2,"Kangaroo (voice)","Horton Hears a Who!",2008-03-03,2008,85000000,298572799,5.9175,NA,NA,86072799,FALSE,422547831.98321,120294165.573244
11814,20363,"Suzanne Snyder",4,"Deb","Weird Science",1985-08-01,1985,7500000,38934048,3.0629,NA,NA,20184048,FALSE,110287568.061754,21245074.7598389
338762,20286,"Toby Kebbell",3,"Martin Axe","Bloodshot",2020-03-05,2020,42000000,39861118,3.3619,NA,NA,-65138882,FALSE,46928986.5830242,49447118.7809388
68728,8854,"Bill Cobbs",5,"Master Tinker","Oz the Great and Powerful",2013-03-07,2013,200000000,491868548,5.4805,NA,NA,-8131452,FALSE,643350797.593123,261594607.018102
9408,53926,"Jon Heder",3,"Chicken Joe (voice)","Surf's Up",2007-06-08,2007,85000000,1.49e+08,4.8506,436295,"Surf's Up Collection",-63500000,TRUE,218964053.021793,124912379.24062
12560,13022,"Tom Berenger",0,"Sam Weber","The Big Chill",1983-09-30,1983,8000000,56342711,3.1915,NA,NA,36342711,FALSE,172366598.905546,24474022.7576975
13576,1449380,"Bashiri Johnson",5,"Self","This Is It",2009-10-28,2009,60000000,261200000,2.3897,NA,NA,111200000,FALSE,370975885.589277,85216512.7693591
31044,95975,"Mark Linn-Baker",1,"Benjy Stone","My Favorite Year",1982-10-01,1982,7900000,20123620,2.8425,NA,NA,373620,FALSE,63540920.9989465,24944481.9516408
7555,35551,"Julie Benz",1,"Sarah","Rambo",2008-01-24,2008,50000000,113200000,8.5049,5039,"Rambo Collection",-11800000,TRUE,160203524.034014,70761273.866614
82,643,"Gong Li",3,"Isabella","Miami Vice",2006-07-27,2006,135000000,163800000,3.2028,NA,NA,-173700000,FALSE,247580270.431152,204049673.432268
603,6384,"Keanu Reeves",0,"Neo","The Matrix",1999-03-31,1999,63000000,463517383,23.4408,2344,"The Matrix Collection",306017383,TRUE,847873213.283044,115240580.819451
4133,11477,"Ray Liotta",4,"Fred Jung","Blow",2001-04-04,2001,53000000,83300000,5.512,NA,NA,-49200000,FALSE,143345116.105045,91203975.432982
492611,1110405,"Mackenzie Davis",0,"Kate","The Turning",2020-01-23,2020,14000000,19428166,5.944,NA,NA,-15571834,FALSE,22873019.8070904,16482372.9269796
10830,518,"Danny DeVito",1,"Harry Wormwood / Narrator (voice)","Matilda",1996-08-02,1996,36000000,33500000,9.0815,NA,NA,-56500000,FALSE,65078119.4878334,69934695.569015
332210,972599,"Katie Crown",1,"Tulip (voice)","Storks",2016-09-22,2016,70000000,182379278,5.5422,NA,NA,7379278,FALSE,231539980.849698,88868641.4225131
207,569,"Ethan Hawke",2,"Todd Anderson","Dead Poets Society",1989-06-02,1989,16400000,235860116,14.1192,NA,NA,194860116,FALSE,579728024.660261,40310077.7090616
9567,28782,"Monica Bellucci",1,"Dr. Lena Fiore Kendricks","Tears of the Sun",2003-03-07,2003,75000000,86500000,6.3971,NA,NA,-1.01e+08,FALSE,143275308.493771,124227146.092865
177677,10182,"Ving Rhames",4,"Luther Stickell","Mission: Impossible - Rogue Nation",2015-07-28,2015,150000000,682716636,7.3333,87359,"Mission: Impossible Collection",307716636,TRUE,877678984.871157,192835271.309653
9091,15111,"Jean-Claude Van Damme",0,"Darren Francis Thomas McCord","Sudden Death",1995-10-27,1995,35000000,64350171,1.6457,NA,NA,-23149829,FALSE,128672857.868123,69985051.4054468
44833,131519,"Rihanna",2,"Petty Officer Cora 'Weps' Raikes","Battleship",2012-04-11,2012,209000000,303025485,8.1799,NA,NA,-219474515,FALSE,402155015.299917,277370724.108181
40962,6200,"Diane Venora",4,"Peg","Ironweed",1987-12-18,1987,27000000,7300000,1.2947,NA,NA,-60200000,FALSE,19575987.3120645,72404336.6336634
25562,3223,"Robert Downey Jr.",2,"David Seton Barnes","Soapdish",1991-05-31,1991,25000000,36489888,4.2157,NA,NA,-26010112,FALSE,81638817.714662,55932494.0341431
9426,57626,"Joy Boushel",3,"Tawny","The Fly",1986-08-15,1986,15000000,60629159,6.1082,109609,"The Fly (1986) Collection",23129159,TRUE,168543761.059546,41698688.5121265
26798,3391,"Kathleen Turner",0,"Christy Colleran","Switching Channels",1988-03-05,1988,18000000,9129999,3.2118,NA,NA,-35870001,FALSE,23524136.2931301,46378367.9797054
606,3796,"Michael Gough",5,"Lord Delamere","Out of Africa",1985-12-20,1985,31000000,227514205,2.7224,NA,NA,150014205,FALSE,644474172.553374,87812975.6740006
928123,99687,"Zhang Hanyu",5,"宋时轮","The Battle at Lake Changjin II: Water Gate Bridge",2022-02-01,2022,200000000,626203271,2.0136,930409,"The Battle at Lake Changjin Collection",126203271,TRUE,651979916.604439,208232676.76749
10204,57831,"Karen Mok Man-Wai",5,"General Fang","Around the World in 80 Days",2004-06-16,2004,110000000,72178895,3.9434,NA,NA,-202821105,FALSE,116437078.918647,177449082.325951
399566,2948491,"Kaylee Hottle",2,"Jia","Godzilla vs. Kong",2021-03-24,2021,200000000,470116094,8.8069,535313,"Godzilla Collection",-29883906,TRUE,528638780.499603,224897121.050105
10802,6677,"Kyle MacLachlan",1,"Zack Carey","Showgirls",1995-09-22,1995,45000000,20367472,8.2841,247294,"Showgirls Collection",-92132528,TRUE,40726244.9976857,89980780.3784316
1722,3894,"Christian Bale",3,"Mandras","Captain Corelli's Mandolin",2001-04-18,2001,57000000,62112895,2.0911,NA,NA,-80387105,FALSE,106885716.031158,98087294.3335844
11011,11510,"Macaulay Culkin",0,"Richie Rich","Ri¢hie Ri¢h",1994-12-19,1994,40000000,38087756,7.021,167985,"Richie Rich Collection",-61912244,TRUE,78295831.0596301,82226772.3618373
620,1524,"Harold Ramis",3,"Egon Spengler","Ghostbusters",1984-06-08,1984,30000000,296640120,12.5286,2980,"Ghostbusters Collection",221640120,TRUE,870079071.819573,87993398.0426761
262500,1159982,"Ansel Elgort",4,"Caleb Prior","Insurgent",2015-03-18,2015,110000000,297002527,8,283579,"Divergent Collection",22002527,TRUE,381817085.82465,141412532.293745
82703,558928,"Max Charles",1,"Sherman (voice)","Mr. Peabody & Sherman",2014-02-07,2014,145000000,272912430,4.2745,NA,NA,-89587570,FALSE,351263817.029848,186628558.726064
159824,62861,"Andy Samberg",1,"Johnny Loughran (voice)","Hotel Transylvania 2",2015-09-21,2015,80000000,473200000,8.388,185103,"Hotel Transylvania Collection",273200000,TRUE,608331002.558185,102845478.031815
11974,4,"Carrie Fisher",2,"Carol Peterson","The 'Burbs",1989-02-17,1989,18000000,49100000,4.5906,NA,NA,4100000,FALSE,120684439.970422,44242768.2172627
95,62,"Bruce Willis",0,"Harry S. Stamper","Armageddon",1998-07-01,1998,140000000,553799566,8.2599,NA,NA,203799566,FALSE,1035183914.58216,261693502.377179
80278,3489,"Naomi Watts",0,"Maria Bennett","The Impossible",2012-09-09,2012,45000000,198100000,10.0443,NA,NA,85600000,FALSE,262904978.209716,59720969.3055892
11827,59196,"Joe Flaherty",3,"Lawyer / General (voice)","Heavy Metal",1981-08-07,1981,9300000,20118654,2.5844,141086,"Heavy Metal Collection",-3131346,TRUE,67420244.4689084,31165518.0093484
11654,50,"Catherine Deneuve",0,"Miriam Blaylock","The Hunger",1983-04-29,1983,10000000,10200000,1.8035,NA,NA,-14800000,FALSE,31204379.0160643,30592528.4471218
9882,62,"Bruce Willis",2,"Major-General William Devereaux","The Siege",1998-11-06,1998,70000000,116700000,5.7406,NA,NA,-58300000,FALSE,218140226.624406,130846751.18859
298,1461,"George Clooney",0,"Danny Ocean","Ocean's Thirteen",2007-06-05,2007,85000000,311312624,6.6512,304,"Ocean's Collection",98812624,TRUE,457491771.193889,124912379.24062
6415,1461,"George Clooney",0,"Archie Gates","Three Kings",1999-09-27,1999,75000000,1.08e+08,4.0966,NA,NA,-79500000,FALSE,197555281.404773,137191167.642203
8970,67773,"Steve Martin",0,"Henry Clark","The Out-of-Towners",1999-04-02,1999,75000000,2.9e+07,1.0966,NA,NA,-158500000,FALSE,53047251.4883186,137191167.642203
1535,287,"Brad Pitt",1,"Tom Bishop","Spy Game",2001-11-18,2001,115000000,143049560,5.7777,NA,NA,-144450440,FALSE,246163935.017715,197895418.392319
8688,33,"Gary Sinise",1,"Kevin Dunne","Snake Eyes",1998-08-07,1998,73000000,103900000,2.9106,NA,NA,-78600000,FALSE,194213963.549921,136454469.096672
38356,19540,"Peter Cullen",2,"Optimus Prime (voice)","Transformers: Dark of the Moon",2011-06-28,2011,195000000,1123794079,2.7886,8650,"Transformers Collection",636294079,TRUE,1522286404.30305,264146122.84062
5966,7399,"Ben Stiller",0,"Reuben Feffer","Along Came Polly",2004-01-16,2004,42000000,178300000,3.2752,NA,NA,73300000,FALSE,287628830.715609,67753285.9789994
11324,103,"Mark Ruffalo",1,"Chuck Aule","Shutter Island",2010-02-14,2010,80000000,294804195,16.2386,NA,NA,94804195,FALSE,411946981.341029,111788634.850608
11177,7036,"Eric Stoltz",2,"Rocky Dennis","Mask",1985-03-08,1985,7500000,48230162,5.6484,NA,NA,29480162,FALSE,136620452.982552,21245074.7598389
338762,12835,"Vin Diesel",0,"Ray Garrison / Bloodshot","Bloodshot",2020-03-05,2020,42000000,39861118,3.3619,NA,NA,-65138882,FALSE,46928986.5830242,49447118.7809388
76493,111683,"Jason Mantzoukas",3,"Nadal","The Dictator",2012-05-15,2012,65000000,179379533,7.0088,NA,NA,16879533,FALSE,238060435.207643,86263622.3302955
12123,192,"Morgan Freeman",1,"Paul Shannon","Chain Reaction",1996-08-02,1996,50000000,60209334,2.5974,NA,NA,-64790666,FALSE,116964484.547309,97131521.6236319
11527,15735,"Helen Mirren",2,"Morgana","Excalibur",1981-04-10,1981,11000000,3.5e+07,3.1046,NA,NA,7500000,FALSE,117289583.90615,36862440.6562185
9718,6730,"Sacha Baron Cohen",2,"Jean Girard","Talladega Nights: The Ballad of Ricky Bobby",2006-08-04,2006,72500000,1.63e+08,2.8629,NA,NA,-18250000,FALSE,246371087.181183,109582232.02844
12445,10989,"Rupert Grint",2,"Ron Weasley","Harry Potter and the Deathly Hallows: Part 2",2011-07-12,2011,125000000,1341511219,20.4937,1241,"Harry Potter Collection",1029011219,TRUE,1817205062.80023,169324437.718346
772,18345,"Brenda Fricker",5,"Pigeon Lady","Home Alone 2: Lost in New York",1992-11-15,1992,18000000,358994850,31.4278,9888,"Home Alone Collection",313994850,TRUE,779567401.379113,39087505.6420002
44826,56734,"Chloë Grace Moretz",2,"Isabelle","Hugo",2011-11-22,2011,170000000,185770160,5.4792,NA,NA,-239229840,FALSE,251643423.094778,230281235.296951
4349,2955,"Chris Cooper",2,"Grant Sykes","The Kingdom",2007-08-22,2007,70000000,86658558,2.6856,NA,NA,-88341442,FALSE,127349725.427544,102869018.198158
8009,53515,"Beatie Edney",4,"Heather MacLeod","Highlander",1986-03-07,1986,19000000,12900000,6.4047,8050,"Highlander Collection",-34600000,TRUE,35860872.1204288,52818338.7820269
34636,139846,"Alexandra Johnes",5,"Childlike Empress","The NeverEnding Story II: The Next Chapter",1990-10-25,1990,32000000,16283667,2.9896,91430,"The NeverEnding Story Collection",-63716333,TRUE,37974302.8308393,74625555.2012246
218836,8265,"John Michael Higgins",4,"Cad (voice)","Planes: Fire & Rescue",2014-07-17,2014,50000000,151165787,3.1124,270252,"Planes Collection",26165787,TRUE,194564503.148284,64354675.4227808
11520,3151,"Jack Lemmon",0,"John Gustafson","Grumpy Old Men",1993-12-25,1993,35100000,70200000,2.4199,119050,"Grumpy Old Men Collection",-17550000,TRUE,148070731.929622,74035365.9648111
320,2157,"Robin Williams",1,"Walter Finch","Insomnia",2002-05-24,2002,46000000,113714830,7.0881,NA,NA,-1285170,FALSE,192628707.432833,77922295.1123466
136400,5292,"Denzel Washington",0,"Robert 'Bobby' Trench","2 Guns",2013-08-02,2013,61000000,131940411,5.4973,NA,NA,-20559589,FALSE,172574499.826759,79786355.1405212
818,13922,"Seth Green",2,"Scott Evil","Austin Powers in Goldmember",2002-07-26,2002,63000000,296938801,8.1288,1006,"Austin Powers Collection",139438801,TRUE,503003323.518008,106719665.04517
1880,6952,"Charlie Sheen",1,"Matt","Red Dawn",1984-08-10,1984,17000000,38400000,2.881,NA,NA,-4100000,FALSE,112631549.494625,49862925.5575164
14869,2040,"Christopher Eccleston",1,"McCullen / Destro","G.I. Joe: The Rise of Cobra",2009-08-03,2009,175000000,302500000,7.3983,135468,"G.I. Joe (Live-Action) Collection",-1.35e+08,TRUE,429633251.878852,248548162.243964
6972,6968,"Hugh Jackman",1,"The Drover","Australia",2008-11-18,2008,130000000,211787511,5.6559,NA,NA,-113212489,FALSE,299727081.347991,183979312.053196
348350,1223786,"Emilia Clarke",3,"Qi'ra","Solo: A Star Wars Story",2018-05-15,2018,250000000,392952373,7.4708,NA,NA,-232047627,FALSE,476821791.897435,303358514.072032
11467,2283,"Stanley Tucci",5,"Dave Kingman","America's Sweethearts",2001-07-17,2001,64400000,138191428,2.2737,NA,NA,-22808572,FALSE,237803917.063409,110821434.299699
12,18,"Brad Garrett",5,"Bloat (voice)","Finding Nemo",2003-05-30,2003,94000000,940335536,14.7825,137697,"Finding Nemo Collection",705335536,TRUE,1557536000.09313,155698023.103058
431580,1926,"Eddie Izzard",2,"Burnish (voice)","Abominable",2019-09-19,2019,75000000,190304772,8.3287,NA,NA,2804772,FALSE,226811981.832285,89387662.0047205
87827,933160,"Suraj Sharma",0,"Pi Patel","Life of Pi",2012-11-20,2012,120000000,609016565,8.5443,NA,NA,309016565,FALSE,808245768.554675,159255918.148238
37607,172587,"Olivia Cole",5,"Jesse","Some Kind of Hero",1982-04-02,1982,8000000,23671186,0.4707,NA,NA,3671186,FALSE,74742464.8039154,25260234.8877375
818,14386,"Beyoncé",1,"Foxxy Cleopatra","Austin Powers in Goldmember",2002-07-26,2002,63000000,296938801,8.1288,1006,"Austin Powers Collection",139438801,TRUE,503003323.518008,106719665.04517
648579,145326,"Alessandra Mastronardi",4,"Gabriela","The Unbearable Weight of Massive Talent",2022-04-20,2022,30000000,29116320,3.7204,NA,NA,-45883680,FALSE,30314846.256094,31234901.5151235
27578,1336,"Jet Li",2,"Yin Yang","The Expendables",2010-08-07,2010,80000000,274470394,9.6861,126125,"The Expendables Collection",74470394,TRUE,383533383.152105,111788634.850608
337170,88124,"Jesse Plemons",3,"Sheriff Downing","American Made",2017-08-18,2017,50000000,133511855,4.951,NA,NA,8511855,FALSE,165965008.013859,62153659.693313
699,740,"Julian Glover",3,"Aristotle Kristatos","For Your Eyes Only",1981-06-24,1981,28000000,195300000,6.902,645,"James Bond Collection",125300000,TRUE,654475878.196316,93831667.1249198
33782,20899,"Peter Riegert",0,"Jason Cooper (""Growing Yourself"")","National Lampoon's Movie Madness",1982-04-23,1982,15000000,5027193,0.3575,NA,NA,-32472807,FALSE,15873509.5007487,47362940.4145078
1900,21711,"Erika Christensen",3,"Caroline Wakefield","Traffic",2000-12-27,2000,48000000,207500000,3.7189,NA,NA,87500000,FALSE,367163638.453349,84934239.2566783
9566,38160,"Patti D'Arbanville",5,"Ellen Renard","The Fan",1996-08-15,1996,55000000,18626419,1.8023,NA,NA,-118873581,FALSE,36184248.3973866,106844673.785995
11062,19839,"David Paymer",5,"Abe Goodman","City Hall",1996-02-16,1996,40000000,33440204,1.8764,NA,NA,-66559796,FALSE,64961957.9584932,77705217.2989055
17258,3223,"Robert Downey Jr.",1,"Jack Jericho","The Pick-up Artist",1987-09-18,1987,15000000,13290368,1.0298,NA,NA,-24209632,FALSE,35640010.3206395,40224631.4631463
56292,86151,"Vladimir Mashkov",5,"Sidorov","Mission: Impossible - Ghost Protocol",2011-12-07,2011,145000000,694713380,9.6665,87359,"Mission: Impossible Collection",332213380,TRUE,941055619.551294,196416347.753282
299534,3223,"Robert Downey Jr.",0,"Tony Stark / Iron Man","Avengers: Endgame",2019-04-24,2019,356000000,2799439100,21.0361,86311,"The Avengers Collection",1909439100,TRUE,3336470880.98132,424293435.649073
11456,10399,"Teri Polo",3,"Susan","Domestic Disturbance",2001-10-28,2001,75000000,54300000,3.1278,NA,NA,-133200000,FALSE,93441054.0756777,129062229.386295
11520,13567,"Ann-Margret",2,"Ariel Truax","Grumpy Old Men",1993-12-25,1993,35100000,70200000,2.4199,119050,"Grumpy Old Men Collection",-17550000,TRUE,148070731.929622,74035365.9648111
15983,97878,"Richard Lynch",1,"Mikhail Rostov","Invasion U.S.A.",1985-09-27,1985,12000000,17536256,1.1453,NA,NA,-12463744,FALSE,49674542.6303564,33992119.6157422
17360,2201,"Max von Sydow",2,"Major Karl von Steiner","Escape to Victory",1981-06-17,1981,10000000,27453418,3.4753,NA,NA,2453418,FALSE,91999999.2577601,33511309.6874714
331482,4784,"Laura Dern",4,"Marmee March","Little Women",2019-12-25,2019,40000000,332103783,7.5583,NA,NA,232103783,FALSE,395813076.070574,47673419.7358509
3131,11856,"Daniel Day-Lewis",1,"Bill 'The Butcher' Cutting","Gangs of New York",2002-12-14,2002,100000000,193772504,7.4258,NA,NA,-56227496,FALSE,328243440.029269,169396293.722493
54660,821,"Beverly D'Angelo",1,"Maggie","Paternity",1981-10-02,1981,9000000,18838812,2.7654,NA,NA,-3661188,FALSE,63131326.3076052,30160178.7187242
424783,527393,"Dylan O'Brien",0,"B-127 / Bumblebee (voice)","Bumblebee",2018-11-22,2018,135000000,467989645,7.5481,NA,NA,130489645,FALSE,567874573.233191,163813597.598897
320,16307,"Maura Tierney",5,"Rachel Clement","Insomnia",2002-05-24,2002,46000000,113714830,7.0881,NA,NA,-1285170,FALSE,192628707.432833,77922295.1123466
411,5529,"Anna Popplewell",1,"Susan Pevensie","The Chronicles of Narnia: The Lion, the Witch and the Wardrobe",2005-12-07,2005,180000000,745013115,23.0027,420,"The Chronicles of Narnia Collection",295013115,TRUE,1162398168.95037,280842935.779817
674,10990,"Emma Watson",2,"Hermione Granger","Harry Potter and the Goblet of Fire",2005-11-16,2005,150000000,895921036,24.3144,1241,"Harry Potter Collection",520921036,TRUE,1397850522.09519,234035779.816514
10158,9782,"Tyra Ferrell",3,"Rhonda Deane","White Men Can't Jump",1992-03-27,1992,31000000,90753806,2.3591,NA,NA,13253806,FALSE,197074439.114333,67317370.8278893
10357,1896,"Don Cheadle",3,"Emmit Reese","Volcano",1997-04-25,1997,90000000,122823468,5.1932,NA,NA,-102176532,FALSE,233150276.212798,170842960.232582
525,7174,"Ray Charles",4,"Ray","The Blues Brothers",1980-06-16,1980,27000000,115229890,5.3661,112636,"The Blues Brothers Collection",47729890,TRUE,426058002.997179,99831442.0062696
359724,6164,"Josh Lucas",4,"Leo Beebe","Ford v Ferrari",2019-11-13,2019,97600000,225508210,10.9172,NA,NA,-18491790,FALSE,268768688.73026,116323144.155476
744,11085,"Anthony Edwards",3,"Goose","Top Gun",1986-05-16,1986,15000000,356830601,12.6379,531330,"Top Gun Collection",319330601,TRUE,991957872.179593,41698688.5121265
9879,23346,"Armand Assante",2,"Lt. Al Garcia","Striptease",1996-06-28,1996,50000000,113309743,7.208,NA,NA,-11690257,FALSE,220118955.047453,97131521.6236319
10136,4391,"Charles Dance",1,"Sardo Numspa","The Golden Child",1986-12-12,1986,25000000,79817939,3.0902,NA,NA,17317939,FALSE,221886891.736061,69497814.1868775
30890,1004,"Danny Aiello",0,"Rocco","Radio Days",1987-01-30,1987,16000000,14792779,3.7001,NA,NA,-25207221,FALSE,39668938.9060514,42906273.5606894
52451,1014932,"Gabriella Wilde",5,"Constance","The Three Musketeers",2011-08-31,2011,75000000,132274484,4.5643,NA,NA,-55225516,FALSE,179178421.022275,101594662.631008
648579,1253360,"Pedro Pascal",1,"Javi Gutierrez","The Unbearable Weight of Massive Talent",2022-04-20,2022,30000000,29116320,3.7204,NA,NA,-45883680,FALSE,30314846.256094,31234901.5151235
10974,65987,"Rosamund Kwan",3,"Laura","Armour of God",1986-08-16,1986,15000000,1.6e+07,4.3316,146136,"Armour of God Collection",-21500000,TRUE,44478601.0796016,41698688.5121265
10202,28639,"Carmen Electra",5,"Hot Girl","Bedtime Stories",2008-12-24,2008,80000000,212874864,5.0687,NA,NA,12874864,FALSE,301265931.016444,113218038.186582
211672,12094,"Jennifer Saunders",5,"Reine Elizabeth II (voice)","Minions",2015-06-17,2015,74000000,1159457503,4.6447,544669,"Minions Collection",974457503,TRUE,1490562014.42012,95132067.1794288
8005,2130,"Cary Elwes",0,"Robin Hood","Robin Hood: Men in Tights",1993-07-28,1993,20000000,35739755,4.712,NA,NA,-14260245,FALSE,75384781.7925267,42185393.7121431
2657,22131,"J. T. Walsh",5,"Big Bob","Pleasantville",1998-09-17,1998,60000000,49800000,2.7586,NA,NA,-100200000,FALSE,93088117.274168,112154358.161648
2668,85,"Johnny Depp",0,"Ichabod Crane","Sleepy Hollow",1999-11-19,1999,100000000,206071526,7.0137,NA,NA,-43928474,FALSE,376949243.596675,182921556.856271
10200,65717,"Jon Hamm",3,"Michael Granier","The Day the Earth Stood Still",2008-12-10,2008,80000000,233093859,4.1875,NA,NA,33093859,FALSE,329880367.866498,113218038.186582
497,2169,"Michael Jeter",5,"Eduard Delacroix","The Green Mile",1999-12-10,1999,60000000,286801374,19.7543,NA,NA,136801374,FALSE,524621538.405976,109752934.113763
9471,140,"Lucy Liu",2,"Alex Munday","Charlie's Angels: Full Throttle",2003-06-25,2003,120000000,259175788,5.386,86029,"Charlie's Angels Collection",-40824212,TRUE,429288913.06146,198763433.748584
39514,6949,"John Malkovich",1,"Marvin Boggs","RED",2010-10-13,2010,58000000,199006387,6.9668,163902,"RED Collection",54006387,TRUE,278083154.116021,81046760.2666905
11665,1903,"Alan Arkin",3,"The Chief","Get Smart",2008-06-19,2008,80000000,230685453,5.1968,NA,NA,30685453,FALSE,326471930.335538,113218038.186582
50359,20,"Elizabeth Perkins",4,"Bonnie O'Hare","Hop",2011-03-30,2011,63000000,183953723,7.5665,NA,NA,26453723,FALSE,249182885.705371,85339516.6100465
23629,20089,"Jena Malone",2,"Rocket","Sucker Punch",2011-03-24,2011,82000000,89792502,5.5515,NA,NA,-115207498,FALSE,121632519.299788,111076831.143235
296,6194,"Claire Danes",2,"Kate Brewster","Terminator 3: Rise of the Machines",2003-07-02,2003,200000000,4.35e+08,8.9461,528,"The Terminator Collection",-6.5e+07,TRUE,720517447.338619,331272389.580974
68724,1038,"Jodie Foster",1,"Delacourt","Elysium",2013-08-07,2013,115000000,286140700,6.7248,NA,NA,-1359300,FALSE,374264319.841924,150416899.035409
11185,53584,"Alan North",4,"Braddock","See No Evil, Hear No Evil",1989-05-12,1989,18000000,46900000,4.5609,NA,NA,1900000,FALSE,115276990.521646,44242768.2172627
522478,1133349,"Elizabeth Debicki",5,"Mopsy Rabbit (voice)","Peter Rabbit 2: The Runaway",2021-03-25,2021,45000000,1.53e+08,4.1892,595693,"Peter Rabbit Collection",40500000,TRUE,172046297.60333,50601852.2362736
16558,17867,"Tom McCarthy",3,"Jeff Bauer","Duplicity",2009-03-18,2009,60000000,78176181,4.3833,NA,NA,-71823819,FALSE,111031692.107437,85216512.7693591
11033,4301,"Angie Dickinson",2,"Kate Miller","Dressed to Kill",1980-07-25,1980,6500000,31899000,2.7815,NA,NA,15649000,FALSE,117945302.539185,24033495.2978057
6477,5661,"Matthew Gray Gubler",5,"Simon (voice)","Alvin and the Chipmunks",2007-12-13,2007,60000000,361366633,7.7555,167613,"Alvin and the Chipmunks Collection",211366633,TRUE,531049010.6612,88173444.1698495
602666,1573819,"Liu Haoran",1,"Qin Feng","Detective Chinatown 3",2021-02-12,2021,117000000,686257563,1.964,525451,"Detective Chinatown Collection",393757563,TRUE,771686751.087805,131564815.814311
14412,12836,"Ted Danson",3,"Peter Lowenstein","Body Heat",1981-08-28,1981,9000000,24058838,2.5339,NA,NA,1558838,FALSE,80624317.0938704,30160178.7187242
315162,1373737,"Florence Pugh",4,"Goldilocks (voice)","Puss in Boots: The Last Wish",2022-12-07,2022,90000000,484700000,14.8298,94602,"Puss in Boots Collection",259700000,TRUE,504651892.146011,93704704.5453704
1669,4783,"Sam Neill",3,"Capt. 2nd Vasily Borodin","The Hunt for Red October",1990-03-02,1990,30000000,200512643,5.51,192492,"The Jack Ryan Collection",125512643,TRUE,467605228.398123,69961458.001148
37834,133,"Peter Sarsgaard",2,"Fitzgerald","Knight and Day",2010-06-15,2010,117000000,261989769,5.9842,NA,NA,-30510231,FALSE,366093482.7667,163490878.469014
608,5916,"Rosario Dawson",5,"Laura Vasquez","Men in Black II",2002-07-03,2002,140000000,445135288,9.2005,86055,"Men in Black Collection",95135288,TRUE,754042679.922943,237154811.21149
401981,16940,"Jeremy Irons",4,"Vladimir Korchnoi","Red Sparrow",2018-02-15,2018,69000000,151572634,5.9488,NA,NA,-20927366,FALSE,183923396.096896,83726949.8838808
1825,33015,"Chris McCarty",5,"Tim Salanger","Over the Top",1987-02-13,1987,25000000,16057580,4.6986,NA,NA,-46442420,FALSE,43060682.5126659,67041052.4385772
497,5149,"Bonnie Hunt",2,"Jan Edgecomb","The Green Mile",1999-12-10,1999,60000000,286801374,19.7543,NA,NA,136801374,FALSE,524621538.405976,109752934.113763
809,5823,"Julie Andrews",3,"Queen Lillian (voice)","Shrek 2",2004-05-19,2004,150000000,935454538,13.9429,2150,"Shrek Collection",560454538,TRUE,1509050448.41588,241976021.353569
550,7499,"Jared Leto",4,"Angel Face","Fight Club",1999-10-15,1999,63000000,100853753,23.573,NA,NA,-56646247,FALSE,184483255.135578,115240580.819451
10714,4783,"Sam Neill",3,"Colonel Geofferey Brydon","The Jungle Book",1994-12-23,1994,27000000,53508356,2.1819,1576683,"Rudyard Kipling's The Jungle Book Collection",-13991644,TRUE,109995485.206704,55503071.3442402
2614,26490,"Fiona Lewis",4,"Dr. Margaret Canker","Innerspace",1987-07-01,1987,27000000,25900000,3.0752,NA,NA,-41600000,FALSE,69454530.326366,72404336.6336634
12633,11066,"Hal Holbrook",1,"Benjamin Caulfield","The Star Chamber",1983-08-05,1983,8000000,5555305,0.6089,NA,NA,-14444695,FALSE,16995082.6244938,24474022.7576975
8769,55567,"Alexandra Paul",2,"Leigh Cabot","Christine",1983-12-09,1983,9700000,21200000,5.313,NA,NA,-3050000,FALSE,64856160.3078983,29674752.5937082
11393,10767,"Barbara Hershey",5,"Harriet Bird","The Natural",1984-05-11,1984,28000000,4.8e+07,2.1595,NA,NA,-2.2e+07,FALSE,140789436.868282,82127171.5064977
412117,10872,"Patton Oswalt",0,"Max (voice)","The Secret Life of Pets 2",2019-05-24,2019,80000000,429434163,6.605,427084,"The Secret Life of Pets Collection",229434163,TRUE,511814877.540321,95346839.4717018
9651,29540,"Simon Ward",5,"Zor-El","Supergirl",1984-07-01,1984,35000000,14296438,2.1062,NA,NA,-73203562,FALSE,41933071.9842147,102658964.383122
37094,8351,"Frederic Forrest",5,"Surplus Store Owner","Falling Down",1993-02-26,1993,25000000,40903593,4.4219,NA,NA,-21596407,FALSE,86276708.7473129,52731742.1401788
1735,1336,"Jet Li",5,"Han","The Mummy: Tomb of the Dragon Emperor",2008-07-01,2008,145000000,403449830,6.5988,1733,"The Mummy Collection",40949830,TRUE,570972478.241377,205207694.213181
62204,13312,"Rae Dawn Chong",3,"Ika","Quest for Fire",1981-12-16,1981,12000000,55260558,1.8565,NA,NA,25260558,FALSE,185185367.264047,40213571.6249656
11232,11367,"Bradley Whitford",5,"J.J. Camden","Kate & Leopold",2001-12-25,2001,48000000,76019048,6.864,NA,NA,-43980952,FALSE,130815837.47605,82599826.8072289
16441,9626,"Rip Torn",2,"Maax","The Beastmaster",1982-08-16,1982,8000000,14056528,2.1121,106000,"The Beastmaster Collection",-5943472,TRUE,44383899.8732574,25260234.8877375
753342,73421,"Joaquin Phoenix",0,"Napoleon Bonaparte","Napoleon",2023-11-22,2023,165000000,220597098,8.3583,NA,NA,-191902902,FALSE,220597098,1.65e+08
854,53403,"Orestes Matacena",5,"Niko","The Mask",1994-07-29,1994,23000000,351583407,14.8657,43072,"The Mask Collection",294083407,TRUE,722739219.339705,47280394.1080565
2322,2282,"Ben Kingsley",5,"Cosmo","Sneakers",1992-09-09,1992,23000000,105232691,6.5017,NA,NA,47732691,FALSE,228515744.621409,49945146.0981114
87428,62831,"Will Forte",5,"Phil","That's My Boy",2012-06-14,2012,70000000,57719093,6.3276,NA,NA,-117280907,FALSE,76600892.9199877,92899285.586472
1844,2449,"Kevin McNally",5,"Haas","Entrapment",1999-04-29,1999,66000000,212404400,6.567,NA,NA,47404400,FALSE,388533435.311221,120728227.525139
15600,5606,"Sissy Spacek",1,"Beth Horman","Missing",1982-02-12,1982,9600000,1.4e+07,1.0759,NA,NA,-1e+07,FALSE,44205411.0535406,30312281.865285
258489,2231,"Samuel L. Jackson",2,"George Washington Williams","The Legend of Tarzan",2016-06-29,2016,180000000,356743061,4.8878,NA,NA,-93256939,FALSE,452903873.828267,228519363.657891
8512,3130,"Jennifer Beals",2,"Daphne Monet","Devil in a Blue Dress",1995-09-29,1995,27000000,16140822,1.6079,NA,NA,-51359178,FALSE,32274750.211319,53988468.2270589
10724,2268,"Warren Clarke",3,"Pavel Upenskoy","Firefox",1982-06-18,1982,18000000,70700000,2.6706,NA,NA,25700000,FALSE,223237325.82038,56835528.4974093
299536,74568,"Chris Hemsworth",2,"Thor","Avengers: Infinity War",2018-04-25,2018,300000000,2052415039,30.0693,86311,"The Avengers Collection",1302415039,TRUE,2490470305.96053,364030216.886438
12614,73234,"Alex Karras",4,"""Squash"" Bernstein","Victor/Victoria",1982-04-25,1982,15000000,28215453,3.5975,NA,NA,-9284547,FALSE,89091121.2804897,47362940.4145078
17360,3895,"Michael Caine",1,"Captain John Colby","Escape to Victory",1981-06-17,1981,10000000,27453418,3.4753,NA,NA,2453418,FALSE,91999999.2577601,33511309.6874714
9586,2109,"Kim Cattrall",3,"Judy McCoy","The Bonfire of the Vanities",1990-12-21,1990,47000000,15691192,1.243,NA,NA,-101808808,FALSE,36592622.3365317,109606284.201799
271969,192,"Morgan Freeman",3,"Sheik Ilderim","Ben-Hur",2016-08-17,2016,100000000,94061311,3.461,NA,NA,-155938689,FALSE,119415727.41415,126955202.032162
425,15757,"Ray Romano",0,"Manny (voice)","Ice Age",2002-03-14,2002,59000000,383257136,16.9419,8354,"Ice Age Collection",235757136,TRUE,649223383.810973,99943813.2962706
10477,16475,"Burt Reynolds",1,"Carl Henry","Driven",2001-04-27,2001,94000000,54744738,4.9327,NA,NA,-180255262,FALSE,94206372.4459818,161757994.164157
4564,11850,"Candice Bergen",5,"Enid Frick","Sex and the City",2008-05-12,2008,65000000,418800000,8.3798,50457,"Sex and the City Collection",256300000,TRUE,592696429.906759,91989656.0265982
5559,2632,"Chris Rock",5,"Mooseblood (voice)","Bee Movie",2007-10-28,2007,150000000,287594577,8.2712,NA,NA,-87405423,FALSE,422636739.64435,220433610.424624
4564,38024,"Cynthia Nixon",3,"Miranda Hobbes","Sex and the City",2008-05-12,2008,65000000,418800000,8.3798,50457,"Sex and the City Collection",256300000,TRUE,592696429.906759,91989656.0265982
27578,976,"Jason Statham",1,"Lee Christmas","The Expendables",2010-08-07,2010,80000000,274470394,9.6861,126125,"The Expendables Collection",74470394,TRUE,383533383.152105,111788634.850608
511809,1159982,"Ansel Elgort",0,"Tony","West Side Story",2021-12-08,2021,100000000,76016171,4.1294,NA,NA,-173983829,FALSE,85479090.0557624,112448560.525052
550988,929511,"Utkarsh Ambudkar",4,"Mouser","Free Guy",2021-08-11,2021,110000000,331526598,11.4739,861415,"Free Guy Collection",56526598,TRUE,372796887.208677,123693416.577558
1541,4443,"Christopher McDonald",4,"Darryl","Thelma & Louise",1991-05-24,1991,16000000,45361000,4.7877,NA,NA,5361000,FALSE,101486154.475311,35796796.1818516
429617,1136406,"Tom Holland",0,"Peter Parker / Spider-Man","Spider-Man: Far From Home",2019-06-28,2019,160000000,1132723226,15.9003,531241,"Spider-Man (MCU) Collection",732723226,TRUE,1350019744.94113,190693678.943404
2687,537,"Stephen Tobolowsky",4,"Warren Singleton","Memoirs of an Invisible Man",1992-02-28,1992,40000000,14358033,1.2044,NA,NA,-85641967,FALSE,31178871.9941959,86861123.6488894
607,2176,"Tommy Lee Jones",0,"Kay","Men in Black",1997-07-02,1997,90000000,589390539,10.1434,86055,"Men in Black Collection",364390539,TRUE,1118813604.62041,170842960.232582
206647,17064,"Ben Whishaw",5,"Q","Spectre",2015-10-26,2015,245000000,880707597,9.1419,645,"James Bond Collection",268207597,TRUE,1132209922.74645,314964276.472433
49444,18897,"Jackie Chan",4,"Monkey (voice)","Kung Fu Panda 2",2011-05-25,2011,150000000,665692281,9.618,77816,"Kung Fu Panda Collection",290692281,TRUE,901743769.390146,203189325.262015
330459,77335,"Ben Mendelsohn",5,"Orson Krennic","Rogue One: A Star Wars Story",2016-12-14,2016,200000000,1056057273,8.4879,NA,NA,556057273,FALSE,1340719644.51249,253910404.064323
420818,15152,"James Earl Jones",3,"Mufasa (voice)","The Lion King",2019-07-12,2019,260000000,1662020819,10.5297,762512,"The Lion King (Reboot) Collection",1012020819,TRUE,1980855402.84774,309877228.283031
7461,2178,"Forest Whitaker",2,"Howard Lewis","Vantage Point",2008-02-01,2008,40000000,152039882,2.5378,NA,NA,52039882,FALSE,215170714.576994,56609019.0932912
718789,21198,"Peter Sohn",2,"SOX (voice)","Lightyear",2022-06-15,2022,200000000,226425420,6.2291,NA,NA,-273574580,FALSE,235745856.474016,208232676.76749
12104,980082,"Kevin McKeon",4,"Young Pink","Pink Floyd: The Wall",1982-07-14,1982,12000000,22244207,2.5253,NA,NA,-7755793,FALSE,70236736.7139318,37890352.3316062
481084,25072,"Oscar Isaac",0,"Gomez Addams (voice)","The Addams Family",2019-10-10,2019,40000000,204394183,5.74,750822,"The Addams Family (Animated) Collection",104394183,TRUE,243604241.943133,47673419.7358509
10771,5578,"Debi Mazar",3,"Steena","The Tuxedo",2002-09-27,2002,60000000,104400000,7.2569,NA,NA,-45600000,FALSE,176849730.646282,101637776.233496
9620,13242,"Paul Giamatti",3,"Shorty","Paycheck",2003-12-25,2003,60000000,117248958,3.4402,NA,NA,-32751042,FALSE,194206712.462696,99381716.8742922
9767,4937,"Vince Vaughn",1,"Gary Grobowski","The Break-Up",2006-06-01,2006,52000000,205700000,3.626,NA,NA,75700000,FALSE,310911243.148278,78596911.2479848
338762,209326,"Sam Heughan",2,"Jimmy Dalton","Bloodshot",2020-03-05,2020,42000000,39861118,3.3619,NA,NA,-65138882,FALSE,46928986.5830242,49447118.7809388
9872,13314,"Dana Ivey",5,"Mrs. Müller","Explorers",1985-07-12,1985,25000000,9900000,4.1274,NA,NA,-52600000,FALSE,28043498.6829873,70816915.8661295
24795,8258,"Ben Johnson",3,"Hank Murphy","Angels in the Outfield",1994-07-15,1994,31000000,50236831,1.5706,508334,"Angels in the ... Collection",-27263169,TRUE,103270311.670427,63725748.5804239
9874,14784,"Reni Santoni",2,"Sergeant Gonzales","Cobra",1986-01-01,1986,25000000,49042224,5.3792,NA,NA,-13457776,FALSE,136333094.834529,69497814.1868775
3525,29369,"Melanie Griffith",0,"Tess McGill","Working Girl",1988-12-20,1988,28000000,103173635,5.4833,NA,NA,33173635,FALSE,265834711.657434,72144127.9684307
330459,77301,"Jiang Wen",4,"Baze Malbus","Rogue One: A Star Wars Story",2016-12-14,2016,200000000,1056057273,8.4879,NA,NA,556057273,FALSE,1340719644.51249,253910404.064323
9331,5293,"Willem Dafoe",1,"John Clark","Clear and Present Danger",1994-08-03,1994,62000000,215887717,6.9091,192492,"The Jack Ryan Collection",60887717,TRUE,443793754.036894,127451497.160848
18254,52995,"Edward Herrmann",2,"Max Eastman","Reds",1981-12-25,1981,35000000,40382659,1.808,NA,NA,-47117341,FALSE,135327579.175255,117289583.90615
3683,33527,"Adam Beach",2,"Ira Hayes","Flags of Our Fathers",2006-10-19,2006,90000000,65900249,2.8913,261382,"Clint Eastwood's Iwo Jima Collection",-159099751,TRUE,99606846.5744827,136033115.621512
337339,18918,"Dwayne Johnson",2,"Luke Hobbs","The Fate of the Furious",2017-04-12,2017,250000000,1.236e+09,9.0413,9485,"The Fast and the Furious Collection",6.11e+08,TRUE,1536438467.6187,310768298.466565
10439,2155,"Thora Birch",4,"Dani Dennison","Hocus Pocus",1993-07-16,1993,28000000,51663767,5.1587,751156,"Hocus Pocus Collection",-18336233,TRUE,108972817.577371,59059551.1970003
11329,3036,"John Cusack",0,"Nick Easter","Runaway Jury",2003-01-16,2003,60000000,80154140,3.6347,NA,NA,-69845860,FALSE,132764267.46304,99381716.8742922
8645,35654,"Spencer Breslin",5,"Josh","The Happening",2008-06-11,2008,60000000,163403799,4.4263,NA,NA,13403799,FALSE,231253219.437683,84913528.6399368
302699,39388,"Amy Ryan",2,"Pamela Harris","Central Intelligence",2016-06-15,2016,50000000,216972543,5.5679,NA,NA,91972543,FALSE,275457930.319969,63477601.0160808
1727,1103,"Bill Duke",3,"Albert Diggs","Bird on a Wire",1990-05-18,1990,20000000,138697012,2.779,NA,NA,88697012,FALSE,323448172.664091,46640972.0007653
507086,18997,"Bryce Dallas Howard",1,"Claire Dearing","Jurassic World Dominion",2022-06-01,2022,583900000,1004004592,15.3439,328,"Jurassic Park Collection",-455745408,TRUE,1045332818.39506,607935299.822686
31361,18249,"Cicely Tyson",1,"Vivian Perry","Bustin' Loose",1981-05-22,1981,11000000,31300000,2.2924,NA,NA,3800000,FALSE,104890399.321785,36862440.6562185
412117,1230868,"Tiffany Haddish",4,"Daisy (voice)","The Secret Life of Pets 2",2019-05-24,2019,80000000,429434163,6.605,427084,"The Secret Life of Pets Collection",229434163,TRUE,511814877.540321,95346839.4717018
14746,23882,"Amy Madigan",3,"McCoy","Streets of Fire",1984-06-01,1984,14500000,8089290,2.3312,1105385,"Tom Cody Collection",-28160710,TRUE,23726803.8284213,42530142.3872934
10136,559312,"J.L. Reate",3,"The Golden Child","The Golden Child",1986-12-12,1986,25000000,79817939,3.0902,NA,NA,17317939,FALSE,221886891.736061,69497814.1868775
11177,16431,"Sam Elliott",1,"Gar","Mask",1985-03-08,1985,7500000,48230162,5.6484,NA,NA,29480162,FALSE,136620452.982552,21245074.7598389
12289,1622,"Chang Chen",3,"Sun Quan","Red Cliff",2008-07-10,2008,80341000,250100000,3.5896,96677,"Red Cliff Collection",49247500,TRUE,353947891.880803,113700630.074353
6877,11664,"Zooey Deschanel",2,"Kit","Failure to Launch",2006-03-10,2006,50000000,130224158,3.6465,NA,NA,5224158,FALSE,196831088.243645,75573953.1230623
2565,31,"Tom Hanks",0,"Joe Banks","Joe Versus the Volcano",1990-03-09,1990,25000000,39400000,1.6171,NA,NA,-23100000,FALSE,91882714.8415077,58301215.0009567
7978,5081,"Emily Blunt",2,"Gwen Conliffe","The Wolfman",2010-02-10,2010,150000000,140700000,3.8004,NA,NA,-234300000,FALSE,196608261.543506,209603690.344889
862,31,"Tom Hanks",0,"Woody (voice)","Toy Story",1995-11-22,1995,30000000,401157969,20.4735,10194,"Toy Story Collection",326157969,TRUE,802144602.347704,59987186.9189544
82682,2228,"Sean Penn",2,"Mickey Cohen","Gangster Squad",2013-01-09,2013,60000000,105200000,4.2208,NA,NA,-44800000,FALSE,137598763.291522,78478382.1054307
3580,52886,"Jeffrey Donovan",2,"Captain J.J. Jones","Changeling",2008-10-24,2008,55000000,113400000,3.9465,NA,NA,-24100000,FALSE,160486569.129481,77837401.2532754
594767,1774679,"Jack Dylan Grazer",2,"Freddy Freeman","Shazam! Fury of the Gods",2023-03-15,2023,110000000,134221819,7.9456,724848,"Shazam! Collection",-140778181,TRUE,134221819,1.1e+08
11062,2233,"Bridget Fonda",2,"Marybeth Cogan","City Hall",1996-02-16,1996,40000000,33440204,1.8764,NA,NA,-66559796,FALSE,64961957.9584932,77705217.2989055
31695,12521,"Kenneth McMillan",4,"Judge Wyler","Whose Life Is It Anyway?",1981-12-02,1981,11500000,6100000,0.5172,NA,NA,-22650000,FALSE,20441898.9093575,38538006.1405921
431580,1181303,"Chloe Bennet",0,"Yi (voice)","Abominable",2019-09-19,2019,75000000,190304772,8.3287,NA,NA,2804772,FALSE,226811981.832285,89387662.0047205
14034,5723,"John Leguizamo",2,"Berger","What's the Worst That Could Happen?",2001-05-31,2001,60000000,38400000,1.869,NA,NA,-111600000,FALSE,66079861.4457831,103249783.509036
8292,2694,"Josh Charles",5,"Detective Fowler","Four Brothers",2005-08-11,2005,45000000,92374674,4.8756,NA,NA,-20125326,FALSE,144126525.765908,70210733.9449541
2924,6856,"Kurt Russell",0,"Stephen McCaffrey","Backdraft",1991-05-24,1991,75000000,152368585,2.9069,597142,"Backdraft Collection",-35131415,TRUE,340894198.860133,167797482.102429
301528,31,"Tom Hanks",0,"Woody (voice)","Toy Story 4",2019-06-19,2019,175000000,1073841394,9.9714,10194,"Toy Story Collection",636341394,TRUE,1279842287.64733,208571211.344348
373569,22227,"Christopher Meloni",3,"Roger Simmons","Snatched",2017-05-03,2017,42000000,60800000,1.9783,NA,NA,-44200000,FALSE,75578850.1870686,52209074.1423829
10479,2231,"Samuel L. Jackson",1,"Col. Terry L. Childers","Rules of Engagement",2000-04-07,2000,60000000,7.1e+07,1.8645,NA,NA,-7.9e+07,FALSE,125631895.56717,106167799.070848
5375,8534,"Kathy Bates",5,"Mother Claus","Fred Claus",2007-11-09,2007,100000000,97800000,8.1938,NA,NA,-152200000,FALSE,143722713.996855,146955740.283082
437543,1260868,"Zhao Liying",2,"Queen of Women's Kingdom","The Monkey King 3",2018-02-16,2018,87000000,115089944,2.496,392206,"The Monkey King (Cheang) Collection",-102410056,TRUE,139654057.585893,105568762.897067
1499,16060,"Brian Tochi",0,"Leonardo (voice)","Teenage Mutant Ninja Turtles III",1993-03-17,1993,21000000,42273609,3.0579,1582,"Teenage Mutant Ninja Turtles Collection",-10226391,TRUE,89166441.9649097,44294663.3977502
11777,69300,"Gene Saks",4,"Boris Podolsky","I.Q.",1994-12-24,1994,25000000,26381221,2.7493,NA,NA,-36118779,FALSE,54231066.3448581,51391732.7261483
72197,11356,"Imelda Staunton",2,"Queen Victoria (voice)","The Pirates! In an Adventure with Scientists!",2012-03-12,2012,60000000,123054041,2.9288,NA,NA,-26945959,FALSE,163309035.677549,79627959.0741189
41733,62862,"Danny McBride",5,"Lonnie","Due Date",2010-11-03,2010,65000000,211800000,5.2171,NA,NA,49300000,FALSE,295960410.766984,90828265.8161187
406759,17178,"Patrick Wilson",1,"Brian Harper","Moonfall",2022-02-02,2022,146000000,67319703,6.0221,NA,NA,-297680297,FALSE,70090809.7744121,152009854.040268
10390,18999,"J.K. Simmons",5,"Frank Perry","For Love of the Game",1999-09-17,1999,50000000,46112640,2.4578,NA,NA,-78887360,FALSE,84349958.9955276,91460778.4281355
720557,4078961,"Sartaaj Kakkar",5,"Junior","Tiger 3",2023-11-12,2023,36320000,56490000,2.624,485645,"YRF Spy Universe",-34310000,TRUE,56490000,36320000
9447,52699,"Danny Mann",5,"Ferdinand / Tug / Additional Character Voices (voice)","Babe: Pig in the City",1998-11-25,1998,90000000,69100000,4.2858,9435,"Babe Collection",-155900000,TRUE,129164435.816165,168231537.242472
9932,75309,"Joey Diaz",5,"Ducks","Analyze That",2002-12-06,2002,60000000,55003135,2.0026,110127,"Analyze Collection",-94996865,TRUE,93173272.1211791,101637776.233496
6637,21180,"Justin Bartha",2,"Riley Poole","National Treasure: Book of Secrets",2007-12-19,2007,130000000,459200000,5.4609,52984,"National Treasure Collection",134200000,TRUE,674820759.379915,191042462.368007
216015,1254583,"Jamie Dornan",1,"Christian Grey","Fifty Shades of Grey",2015-02-11,2015,40000000,569651467,16.7642,344830,"Fifty Shades Collection",469651467,TRUE,732325967.939245,51422739.0159074
9255,10730,"Rowan Atkinson",4,"Dexter Hayman","Hot Shots! Part Deux",1993-05-21,1993,25000000,133752825,4.8444,52988,"Hot Shots! Collection",71252825,TRUE,282120779.136819,52731742.1401788
122917,19034,"Evangeline Lilly",4,"Tauriel","The Hobbit: The Battle of the Five Armies",2014-12-10,2014,250000000,956019788,28.0423,121938,"The Hobbit Collection",331019788,TRUE,1230486863.08991,321773377.113904
1574,4764,"John C. Reilly",5,"Amos Hart","Chicago",2002-12-10,2002,45000000,306776732,6.1412,NA,NA,194276732,FALSE,519668414.010984,76228332.1751217
9800,3131,"Antonio Banderas",4,"Miguel Alvarez","Philadelphia",1993-12-22,1993,26000000,206678440,5.1206,NA,NA,141678440,FALSE,435940568.160577,54841011.825786
708,10672,"Art Malik",3,"Kamran Shah","The Living Daylights",1987-06-29,1987,40000000,191185897,4.7917,645,"James Bond Collection",91185897,TRUE,512692149.851737,107265683.901724
21500,2879,"Rob Lowe",1,"Skip","Class",1983-07-22,1983,7000000,21600000,3.4301,NA,NA,4100000,FALSE,66079861.4457831,21414769.9129853
601,62001,"Dee Wallace",4,"Mary","E.T. the Extra-Terrestrial",1982-06-11,1982,10500000,797307407,17.7017,NA,NA,771057407,FALSE,2517521547.31911,33154058.2901555
700391,1450385,"Brian Dare",4,"Zoic Ship (voice) (uncredited)","65",2023-03-02,2023,45000000,60730568,6.3376,NA,NA,-51769432,FALSE,60730568,4.5e+07
73723,29222,"Zac Efron",2,"Ted Wiggins (voice)","The Lorax",2012-03-01,2012,70000000,349305397,9.6015,NA,NA,174305397,FALSE,463574597.611414,92899285.586472
11566,10182,"Ving Rhames",4,"Duane Stevenson","Dave",1993-05-07,1993,28000000,9.2e+07,1.8759,NA,NA,2.2e+07,FALSE,194052811.075858,59059551.1970003
9099,2632,"Chris Rock",5,"1LT Oster","Sgt. Bilko",1996-03-29,1996,39000000,37956793,4.1946,NA,NA,-59543207,FALSE,73736021.2008644,75762586.8664329
8920,1532,"Bill Murray",0,"Garfield (voice)","Garfield",2004-06-10,2004,50000000,200800000,9.1635,86115,"Garfield (Live-Action/CGI) Collection",75800000,TRUE,323925233.918645,80658673.7845231
616037,3894,"Christian Bale",2,"Gorr","Thor: Love and Thunder",2022-07-06,2022,250000000,760900000,12.7544,131296,"Thor Collection",135900000,TRUE,792221218.761915,260290845.959362
124905,39658,"Sally Hawkins",5,"Dr. Vivienne Graham","Godzilla",2014-05-14,2014,160000000,524978362,8.5943,535313,"Godzilla Collection",124978362,TRUE,675696241.809862,205934961.352898
9366,85,"Johnny Depp",0,"Donnie Brasco / Joseph D. 'Joe' Pistone","Donnie Brasco",1997-02-27,1997,35000000,124909762,4.5804,NA,NA,37409762,FALSE,237110594.46697,66438928.9793376
400155,77948,"Selena Gomez",2,"Mavis Dracula (voice)","Hotel Transylvania 3: Summer Vacation",2018-06-28,2018,80000000,528600000,7.5936,185103,"Hotel Transylvania Collection",328600000,TRUE,641421242.153904,97074724.5030502
11352,1230,"John Goodman",2,"Al Yackey","Always",1989-12-22,1989,31000000,74100000,5.0655,NA,NA,-3400000,FALSE,182132729.161065,76195878.5963969
11322,85,"Johnny Depp",0,"John Dillinger","Public Enemies",2009-07-01,2009,100000000,214104620,4.5215,NA,NA,-35895380,FALSE,304087484.736813,142027521.282265
324857,130640,"Hailee Steinfeld",2,"Gwen Stacy (voice)","Spider-Man: Into the Spider-Verse",2018-12-06,2018,90000000,393602435,15.6304,573436,"Spider-Man: Spider-Verse Collection",168602435,TRUE,477610599.266934,109209065.065931
24264,91475,"France Zobda",4,"Countess Zanda","Sheena",1984-08-17,1984,25000000,5.8e+07,5.3356,NA,NA,-4500000,FALSE,170120569.549174,73327831.7022301
126889,76961,"Demián Bichir",4,"Lope","Alien: Covenant",2017-05-09,2017,97000000,240891763,7.2604,135416,"Prometheus Collection",-1608237,TRUE,299446093.208484,120578099.805027
58,85,"Johnny Depp",0,"Jack Sparrow","Pirates of the Caribbean: Dead Man's Chest",2006-07-06,2006,200000000,1066179747,16.2051,295,"Pirates of the Caribbean Collection",566179747,TRUE,1611508364.41073,302295812.492249
670292,1117313,"John David Washington",0,"Joshua","The Creator",2023-09-27,2023,80000000,104272136,8.6364,NA,NA,-95727864,FALSE,104272136,8e+07
635,3232,"Lisa Bonet",2,"Epiphany Proudfoot","Angel Heart",1987-03-06,1987,17000000,17185954,2.773,NA,NA,-25314046,FALSE,46086577.732839,45587915.6582325
207932,32683,"Sidse Babett Knudsen",4,"Elizabeth Sinskey","Inferno",2016-10-13,2016,75000000,220021259,6.2264,115776,"Robert Langdon Collection",32521259,TRUE,279328433.877155,95216401.5241212
40962,5064,"Meryl Streep",1,"Helen Archer","Ironweed",1987-12-18,1987,27000000,7300000,1.2947,NA,NA,-60200000,FALSE,19575987.3120645,72404336.6336634
9397,1231,"Julianne Moore",1,"Dr. Allison Reed, CDC","Evolution",2001-06-08,2001,80000000,98376292,4.5764,NA,NA,-101623708,FALSE,169288847.523695,137666378.012048
9366,147,"Michael Madsen",2,"Dominick 'Sonny Black' Napolitano","Donnie Brasco",1997-02-27,1997,35000000,124909762,4.5804,NA,NA,37409762,FALSE,237110594.46697,66438928.9793376
901362,440414,"Amy Schumer",4,"Velvet (voice)","Trolls Band Together",2023-10-12,2023,95000000,210231405,9.2019,489724,"The Trolls Collection",-27268595,TRUE,210231405,9.5e+07
11329,14888,"Bruce McGill",5,"Judge Harkin","Runaway Jury",2003-01-16,2003,60000000,80154140,3.6347,NA,NA,-69845860,FALSE,132764267.46304,99381716.8742922
9487,89784,"Phyllis Diller",4,"Queen (voice)","A Bug's Life",1998-11-25,1998,80000000,363258859,9.2178,NA,NA,163258859,FALSE,679017736.294628,149539144.215531
1911,71180,"Anders T. Andersen",5,"Wigliff (King's Son)","The 13th Warrior",1999-08-13,1999,120000000,61698899,4.6258,NA,NA,-238301101,FALSE,112860586.613978,219505868.227525
24873,87120,"Deborah Raffin",1,"Kathryn Davis","Death Wish 3",1985-11-01,1985,9000000,16116878,2.2834,14377,"Death Wish Collection",-6383122,TRUE,45653903.734027,25494089.7118066
8487,588,"M. Emmet Walsh",4,"Coleman","Wild Wild West",1999-06-30,1999,170000000,222104681,4.2099,NA,NA,-202895319,FALSE,406277340.335854,310966646.655661
37498,7004,"Paul Sorvino",3,"Harry Johanson","Knock Off",1998-09-04,1998,35000000,4.4e+07,1.2854,NA,NA,-43500000,FALSE,82246529.318542,65423375.5942948
807,12052,"Gwyneth Paltrow",2,"Tracy","Se7en",1995-09-22,1995,33000000,327311859,18.3262,NA,NA,244811859,FALSE,654483922.220781,65985905.6108498
556678,1371041,"Callum Turner",3,"Frank Churchill","Emma.",2020-02-13,2020,10000000,25200000,4.3621,NA,NA,2e+05,FALSE,29668271.2685633,11773123.5192711
10439,520,"Sarah Jessica Parker",1,"Sarah Sanderson","Hocus Pocus",1993-07-16,1993,28000000,51663767,5.1587,751156,"Hocus Pocus Collection",-18336233,TRUE,108972817.577371,59059551.1970003
463319,1288449,"Wang Jingchun",4,"Minister Lu Yan","Shadow",2018-09-30,2018,44005000,91708374,2.1377,NA,NA,-18304126,FALSE,111282064.258409,53397165.646959
315635,3223,"Robert Downey Jr.",2,"Tony Stark / Iron Man","Spider-Man: Homecoming",2017-07-05,2017,175000000,880978185,17.5194,531241,"Spider-Man (MCU) Collection",443478185,TRUE,1095120366.15445,217537808.926595
39437,55314,"Kimberly Elise",2,"Denver","Beloved",1998-10-16,1998,80000000,22900000,5.4103,NA,NA,-177100000,FALSE,42805580.0316957,149539144.215531
272,3895,"Michael Caine",1,"Alfred","Batman Begins",2005-06-10,2005,150000000,374218673,17.5626,263,"The Dark Knight Collection",-781327,TRUE,583870393.049706,234035779.816514
369972,3497,"Kyle Chandler",3,"Deke Slayton","First Man",2018-10-10,2018,70000000,105713218,3.5678,NA,NA,-69286782,FALSE,128276018.921011,84940383.9401689
299537,60073,"Brie Larson",0,"Carol Danvers / Vers / Captain Marvel","Captain Marvel",2019-03-06,2019,152000000,1131416446,9.2487,623911,"Captain Marvel Collection",751416446,TRUE,1348462278.15507,181158994.996233
10395,514,"Jack Nicholson",0,"Will Randall","Wolf",1994-06-17,1994,70000000,131002597,4.7229,NA,NA,-43997403,FALSE,269298018.058213,143896851.633215
137113,147255,"Tony Way",5,"Kimmel","Edge of Tomorrow",2014-05-27,2014,178000000,370541256,9.6109,NA,NA,-74458744,FALSE,476921245.21259,229102644.5051
11595,8658,"Ed O'Ross",4,"Frank Cruise","Another 48 Hrs.",1990-06-08,1990,38000000,153518974,2.7694,93295,"48 Hrs. Collection",58518974,TRUE,358013708.396011,88617846.8014542
9415,2882,"Diane Lane",1,"Agent Nina Chance","Murder at 1600",1997-04-18,1997,40000000,25804707,1.621,NA,NA,-74195293,FALSE,48983917.0201604,75930204.5478144
9384,3196,"Juliette Lewis",5,"Kitty","Starsky & Hutch",2004-03-05,2004,60000000,170300000,5.4137,NA,NA,20300000,FALSE,274723442.910086,96790408.5414277
58595,74568,"Chris Hemsworth",1,"The Huntsman","Snow White and the Huntsman",2012-05-30,2012,170000000,396600000,4.8942,393379,"The Huntsman Collection",-28400000,TRUE,526340809.479926,225612550.710004
40805,587,"Edward James Olmos",5,"Michael Axford","The Green Hornet",2011-01-12,2011,120000000,227817248,4.055,NA,NA,-72182752,FALSE,308600219.361128,162551460.209612
400650,5081,"Emily Blunt",0,"Mary Poppins","Mary Poppins Returns",2018-12-13,2018,130000000,348807090,4.2998,527439,"Mary Poppins Collection",23807090,TRUE,423254402.080758,157746427.317457
109962,5344,"Meg Ryan",5,"Debby Blake, 18 Years","Rich and Famous",1981-09-23,1981,11500000,5100000,0.6137,NA,NA,-23650000,FALSE,17090767.9406104,38538006.1405921
82682,1733,"Nick Nolte",3,"Bill Parker","Gangster Squad",2013-01-09,2013,60000000,105200000,4.2208,NA,NA,-44800000,FALSE,137598763.291522,78478382.1054307
10808,14406,"Lisa Kudrow",5,"Ava (voice)","Dr. Dolittle 2",2001-06-22,2001,70000000,176100000,2.824,3169,"Dr. Dolittle Collection",1100000,TRUE,303038114.599021,120458080.760542
225574,142294,"Jason Butler Harner",5,"Kyle Rice","Non-Stop",2014-02-26,2014,50000000,222809600,4.3876,NA,NA,97809600,FALSE,286776789.781592,64354675.4227808
10057,28412,"Rebecca De Mornay",5,"Milady","The Three Musketeers",1993-11-11,1993,30000000,111898845,4.155,NA,NA,36898845,FALSE,236024841.612954,63278090.5682146
3131,388,"Jim Broadbent",3,"Boss Tweed","Gangs of New York",2002-12-14,2002,100000000,193772504,7.4258,NA,NA,-56227496,FALSE,328243440.029269,169396293.722493
70981,87722,"Noomi Rapace",0,"Elizabeth Shaw","Prometheus",2012-05-30,2012,130000000,403354469,10.2446,135416,"Prometheus Collection",78354469,TRUE,535304885.831583,172527244.660591
196867,6941,"Cameron Diaz",3,"Miss Colleen Hannigan","Annie",2014-12-18,2014,65000000,136853506,4.4479,NA,NA,-25646494,FALSE,176143259.181992,83661078.049615
625568,22125,"Jimmi Simpson",3,"Andy","Unhinged",2020-07-16,2020,33000000,39238300,3.0898,NA,NA,-43261700,FALSE,46195735.2586217,38851307.6135947
682507,2230991,"Daisy Edgar-Jones",0,"Kya Clark","Where the Crawdads Sing",2022-07-14,2022,24000000,144353965,5.4555,NA,NA,84353965,FALSE,150296062.669753,24987921.2120988
315162,52583,"Wagner Moura",3,"Wolf (voice)","Puss in Boots: The Last Wish",2022-12-07,2022,90000000,484700000,14.8298,94602,"Puss in Boots Collection",259700000,TRUE,504651892.146011,93704704.5453704
1422,8349,"Martin Sheen",4,"Queenan","The Departed",2006-10-04,2006,90000000,291465000,11.4389,NA,NA,66465000,FALSE,440543244.940267,136033115.621512
29968,12852,"Barry Corbin",4,"Andrew Woolridge","Nothing in Common",1986-07-29,1986,12000000,32324557,0.7993,NA,NA,2324557,FALSE,89859442.2423652,33358950.8097012
1091,15412,"David Clennon",4,"Palmer","The Thing",1982-06-25,1982,15000000,19629760,10.3423,479888,"The Thing Collection",-17870240,TRUE,61981543.5487392,47362940.4145078
644495,16940,"Jeremy Irons",3,"Rodolfo Gucci","House of Gucci",2021-11-24,2021,75000000,153235995,5.5374,NA,NA,-34264005,FALSE,172311670.583741,84336420.3937894
9562,1518,"Frances O'Connor",1,"Kate Ericson","Timeline",2003-11-26,2003,80000000,43935763,3.9604,NA,NA,-156064237,FALSE,72773525.9853667,132508955.83239
10142,939767,"Thuy Thu Le",5,"Oanh","Casualties of War",1989-08-18,1989,22500000,18671317,2.7582,NA,NA,-37578683,FALSE,45892819.4634465,55303460.2715784
14361,519,"Martin Short",1,"Martin Harvey","Captain Ron",1992-09-18,1992,24000000,22518097,1.1628,NA,NA,-37481903,FALSE,48898680.1963672,52116674.1893337
762504,205772,"Wrenn Schmidt",5,"Amber Park","Nope",2022-07-20,2022,68000000,171932082,8.301,NA,NA,1932082,FALSE,179009388.285338,70799110.1009465
9560,37946,"Aitana Sánchez-Gijón",1,"Victoria Aragón","A Walk in the Clouds",1995-05-27,1995,20000000,50012507,3.3545,NA,NA,12507,FALSE,100003653.52315,39991457.9459696
338762,66441,"Talulah Riley",4,"Gina Garrison","Bloodshot",2020-03-05,2020,42000000,39861118,3.3619,NA,NA,-65138882,FALSE,46928986.5830242,49447118.7809388
17692,1063,"Lea Thompson",5,"Kelly Ann Bukowski","Jaws 3-D",1983-07-22,1983,20500000,87987056,3.3723,2366,"Jaws Collection",36737056,TRUE,269174651.36585,62714683.3165997
203801,90325,"Luca Calvani",4,"Alexander","The Man from U.N.C.L.E.",2015-08-13,2015,75000000,110045109,5.173,NA,NA,-77454891,FALSE,141470523.002102,96417635.6548264
17578,1670,"Daniel Mays",5,"Allan /  Pirate Flunky #1 (voice)","The Adventures of Tintin",2011-10-24,2011,130000000,373993951,6.898,NA,NA,48993951,FALSE,506610523.705102,176097415.22708
10641,1920,"Winona Ryder",1,"Charlotte Fielding","Autumn in New York",2000-08-11,2000,65000000,90726668,1.898,NA,NA,-71773332,FALSE,160537510.976525,115015115.660085
127585,2387,"Patrick Stewart",3,"Professor X","X-Men: Days of Future Past",2014-05-15,2014,250000000,746045700,12.0759,748,"X-Men Collection",121045700,TRUE,960230577.481225,321773377.113904
11808,43774,"Daniel Roebuck",5,"Biggs","U.S. Marshals",1998-03-06,1998,60000000,102367405,3.1318,721111,"Marshal Samuel Gerard Collection",-47632595,TRUE,191349176.740808,112154358.161648
501170,2118623,"Kyliegh Curran",2,"Abra Stone","Doctor Sleep",2019-10-30,2019,45000000,72385286,6.4284,530064,"The Shining Collection",-40114714,TRUE,86271353.0544403,53632597.2028323
11618,887,"Owen Wilson",3,"Luke Sanderson","The Haunting",1999-07-23,1999,80000000,177311151,3.3621,NA,NA,-22688849,FALSE,324340317.888973,146337245.485017
6972,53023,"David Gulpilil",5,"King George","Australia",2008-11-18,2008,130000000,211787511,5.6559,NA,NA,-113212489,FALSE,299727081.347991,183979312.053196
702525,1011100,"Shyloh Oostwald",3,"Emma (voice)","Bigfoot Family",2020-07-23,2020,17520000,10855626,4.2582,761648,"Bigfoot Collection",-32944374,TRUE,12780462.5777011,20626512.405763
688,10379,"Victor Slezak",3,"Michael Johnson","The Bridges of Madison County",1995-06-02,1995,24000000,1.82e+08,9.5696,NA,NA,1.22e+08,FALSE,363922267.308323,47989749.5351635
10527,9575,"Jada Pinkett Smith",3,"Gloria (voice)","Madagascar: Escape 2 Africa",2008-10-30,2008,150000000,603900354,10.3594,14740,"Madagascar Collection",228900354,TRUE,854655166.750783,212283821.599842
17170,36926,"Frances Sternhagen",4,"Clara","Bright Lights, Big City",1988-04-01,1988,25000000,16118077,0.796,NA,NA,-46381923,FALSE,41529450.3461793,64414399.9718131
1574,15758,"Queen Latifah",3,"Matron Mama Morton","Chicago",2002-12-10,2002,45000000,306776732,6.1412,NA,NA,194276732,FALSE,519668414.010984,76228332.1751217
18886,3197,"Tom Sizemore",4,"Boxman","Flight of the Intruder",1991-01-18,1991,35000000,14587732,0.8321,NA,NA,-72912268,FALSE,32637129.3224671,78305491.6478003
10337,827,"Elliott Gould",4,"Harry Greenberg","Bugsy",1991-12-10,1991,30000000,49114016,1.615,NA,NA,-25885984,FALSE,109882776.276512,67118992.8409717
274857,938,"Djimon Hounsou",4,"Bedivere","King Arthur: Legend of the Sword",2017-05-10,2017,175000000,149175066,7.2736,NA,NA,-288324934,FALSE,185435525.73783,217537808.926595
2756,18342,"Todd Graff",4,"Alan 'Hippy' Carnes","The Abyss",1989-08-09,1989,43000000,90000098,6.6215,NA,NA,-17499902,FALSE,221214081.963607,105691057.407905
10345,51551,"James Handy",4,"Captain Byers","K-9",1989-04-28,1989,17000000,78247647,1.6749,88735,"K-9 Collection",35747647,TRUE,192327361.653733,41784836.649637
694,10409,"Shelley Duvall",1,"Wendy Torrance","The Shining",1980-05-23,1980,19000000,44781695,14.9513,530064,"The Shining Collection",-2718305,TRUE,165578562.493887,70251755.4858934
10782,12792,"Brian Van Holt",5,"SGT Ray Dunbar","Basic",2003-04-18,2003,50000000,42792561,1.66,NA,NA,-82207439,FALSE,70879969.693798,82818097.3952435
849,12513,"Francesca Annis",3,"Widow of the Web","Krull",1983-07-29,1983,27000000,16916617,15.3136,NA,NA,-50583383,FALSE,51752208.6801565,82599826.8072289
341174,1089873,"Rita Ora",5,"Mia Grey","Fifty Shades Darker",2017-02-08,2017,55000000,381545846,6.6027,344830,"Fifty Shades Collection",244045846,TRUE,474289413.393624,68369025.6626443
953,14409,"David Schwimmer",2,"Melman (voice)","Madagascar",2005-05-25,2005,75000000,542064525,14.9244,14740,"Madagascar Collection",354564525,TRUE,845749958.794954,117017889.908257
505642,82104,"Danai Gurira",3,"Okoye","Black Panther: Wakanda Forever",2022-11-09,2022,250000000,859102154,11.1725,529892,"Black Panther Collection",234102154,TRUE,894465705.720681,260290845.959362
559,19159,"Thomas Haden Church",3,"Sandman / Flint Marko","Spider-Man 3",2007-05-01,2007,258000000,894983373,14.9182,556,"Spider-Man Collection",249983373,TRUE,1315229441.20265,379145809.930353
568,31,"Tom Hanks",0,"Jim Lovell","Apollo 13",1995-06-30,1995,52000000,355237933,7.9938,NA,NA,225237933,FALSE,710324142.919133,103977790.659521
593643,47627,"Janet McTeer",3,"Lillian","The Menu",2022-11-17,2022,35000000,79628200,8.3094,NA,NA,-7871800,FALSE,82905966.1608851,36440718.4343107
1372,16744,"Antony Coleman",5,"Cordell Brown","Blood Diamond",2006-12-08,2006,100000000,171700000,6.48,NA,NA,-78300000,FALSE,259520955.024596,151147906.246125
315635,15277,"Jon Favreau",4,"Happy Hogan","Spider-Man: Homecoming",2017-07-05,2017,175000000,880978185,17.5194,531241,"Spider-Man (MCU) Collection",443478185,TRUE,1095120366.15445,217537808.926595
274,1038,"Jodie Foster",0,"Clarice Starling","The Silence of the Lambs",1991-02-14,1991,19000000,272742922,4.3351,9743,"The Hannibal Lecter Collection",225242922,TRUE,610207674.30479,42508695.4659487
76649,239019,"Kit Harington",0,"Milo","Pompeii",2014-02-18,2014,100000000,117831631,3.8231,NA,NA,-132168369,FALSE,151660327.350837,128709350.845562
9619,1219410,"Elizabeth Hoffman",5,"Ruth","Dante's Peak",1997-02-07,1997,116000000,178127760,4.423,NA,NA,-111872240,FALSE,338131931.3111,220197593.188662
201,2392,"Gates McFadden",5,"Dr. Beverly Crusher","Star Trek: Nemesis",2002-12-13,2002,60000000,67336470,3.39,115570,"Star Trek: The Next Generation Collection",-82663530,TRUE,114065484.503558,101637776.233496
8984,19152,"Dylan Baker",3,"Philip Blackburn","Disclosure",1994-12-09,1994,55000000,214015089,4.6684,NA,NA,76515089,FALSE,439944250.130034,113061811.997526
286217,454,"Michael Peña",4,"Rick Martinez","The Martian",2015-09-30,2015,108000000,631058917,15.0202,NA,NA,361058917,FALSE,811269449.813805,138841395.34295
27958,1158,"Al Pacino",0,"Steve Burns","Cruising",1980-02-15,1980,11000000,19814523,1.9341,NA,NA,-7685477,FALSE,73263422.361348,40672068.9655173
637649,976,"Jason Statham",0,"H","Wrath of Man",2021-04-22,2021,40000000,103966489,16.5923,NA,NA,3966489,FALSE,116908820.308937,44979424.210021
12614,40202,"Robert Preston",2,"Carroll ""Toddy"" Todd","Victor/Victoria",1982-04-25,1982,15000000,28215453,3.5975,NA,NA,-9284547,FALSE,89091121.2804897,47362940.4145078
451048,88124,"Jesse Plemons",4,"Prince Joachim","Jungle Cruise",2021-07-28,2021,200000000,220889446,6.7939,NA,NA,-279110554,FALSE,248387002.378763,224897121.050105
211672,2232,"Michael Keaton",2,"Walter Nelson (voice)","Minions",2015-06-17,2015,74000000,1159457503,4.6447,544669,"Minions Collection",974457503,TRUE,1490562014.42012,95132067.1794288
425909,2357412,"Logan Kim",5,"Podcast","Ghostbusters: Afterlife",2021-11-18,2021,75000000,204445747,10.2015,2980,"Ghostbusters Collection",16945747,TRUE,229896299.556191,84336420.3937894
37724,3810,"Javier Bardem",2,"Silva","Skyfall",2012-10-24,2012,200000000,1108594176,9.3885,645,"James Bond Collection",608594176,TRUE,1471251527.93891,265426530.247063
9007,53926,"Jon Heder",5,"Darryl","Just Like Heaven",2005-09-16,2005,58000000,102900000,3.0025,NA,NA,-42100000,FALSE,160548544.954128,90493834.8623853
10589,3136,"Salma Hayek Pinault",1,"Lola Cirillo","After the Sunset",2004-11-12,2004,60000000,61300000,2.6174,NA,NA,-88700000,FALSE,98887534.0598253,96790408.5414277
589049,1694278,"Y'lan Noel",3,"Young Isaac","The Photograph",2020-02-14,2020,16000000,20690779,0.8335,NA,NA,-19309221,FALSE,24359509.6876941,18836997.6308338
796499,1251069,"Nathalie Emmanuel",1,"Gwendoline","Army of Thieves",2021-10-29,2021,30000000,46900000,4.7185,809185,"Army of the Dead Collection",-28100000,TRUE,52738374.8862496,33734568.1575157
97,2548,"Cindy Morgan",3,"Lora / Yori","Tron",1982-07-09,1982,17000000,33002371,8.5115,63043,"TRON Collection",-9497629,TRUE,104205955.414032,53677999.1364422
109443,28638,"David Koechner",3,"Champ Kind","Anchorman 2: The Legend Continues",2013-12-18,2013,50000000,173700000,2.9662,93791,"Anchorman Collection",48700000,TRUE,227194916.195222,65398651.7545256
906221,1399749,"Ethan Lawrence",5,"Woody","Magic Mike's Last Dance",2023-02-09,2023,45000000,5.2e+07,2.6768,328247,"Magic Mike Collection",-60500000,TRUE,5.2e+07,4.5e+07
11618,41293,"Marian Seldes",5,"Mrs. Dudley","The Haunting",1999-07-23,1999,80000000,177311151,3.3621,NA,NA,-22688849,FALSE,324340317.888973,146337245.485017
17496,66079,"Madolyn Smith Osborne",3,"Pam","Urban Cowboy",1980-06-06,1980,10000000,53300000,4.0874,NA,NA,28300000,FALSE,197074661.442006,36974608.1504702
617653,17477,"Harriet Walter",4,"Nicole de Carrouges","The Last Duel",2021-10-13,2021,100000000,30552111,6.7081,NA,NA,-219447889,FALSE,34355409.0295162,112448560.525052
8738,2090,"Kirk Douglas",0,"Capt. Matthew Yelland","The Final Countdown",1980-01-31,1980,12000000,16647800,2.7295,NA,NA,-13352200,FALSE,61554588.1567398,44369529.7805643
9955,56322,"Amy Poehler",3,"Fairchild Van Waldenberg","Blades of Glory",2007-03-30,2007,53000000,118200000,2.2448,NA,NA,-14300000,FALSE,173701685.014603,77886542.3500337
10198,15563,"Anika Noni Rose",0,"Tiana (voice)","The Princess and the Frog",2009-12-08,2009,105000000,270997378,11.9202,NA,NA,8497378,FALSE,384890858.713331,149128897.346379
11899,64181,"Dave Goelz",2,"Gonzo / Chester - Rat / Bill - Frog / Zoot / Beauregard / Dog / Dr. Bunsen Honeydew / Penguin (voice)","The Muppets Take Manhattan",1984-06-27,1984,8000000,25535829,1.2255,NA,NA,5535829,FALSE,74899478.851557,23464906.1447136
412656,35013,"David Oyelowo",4,"Aaron","Chaos Walking",2021-02-24,2021,125000000,26508132,3.3496,NA,NA,-285991868,FALSE,29808012.8560808,140560700.656316
1552,2453,"Mary Steenburgen",1,"Karen Buckman","Parenthood",1989-07-31,1989,20000000,126297830,2.2918,NA,NA,76297830,FALSE,310431423.279625,49158631.3525141
241554,3896,"Liam Neeson",0,"Jimmy Conlon","Run All Night",2015-03-11,2015,50000000,71561644,6.5799,1175592,"Run All Night Collection",-53438356,TRUE,91997393.574032,64278423.7698843
72545,3895,"Michael Caine",4,"Alexander Anderson","Journey 2: The Mysterious Island",2012-01-19,2012,79000000,355692760,6.5198,605516,"Journey Collection",158192760,TRUE,472051475.604007,104843479.44759
454626,11006,"James Marsden",1,"Tom Wachowski","Sonic the Hedgehog",2020-02-12,2020,85000000,319715683,10.2715,720879,"Sonic the Hedgehog Collection",107215683,TRUE,376405222.700713,100071549.913805
22998,12515,"José Ferrer",4,"Prof. Siletski","To Be or Not to Be",1983-12-16,1983,9000000,13030214,0.8738,NA,NA,-9469786,FALSE,39862719.2467085,27533275.6024096
2114,10182,"Ving Rhames",2,"Sgt. Ryan Whitaker (voice)","Final Fantasy: The Spirits Within",2001-07-02,2001,137000000,85131830,2.808,NA,NA,-257368170,FALSE,146497383.620468,235753672.345633
9374,51755,"Ian Ogilvy",4,"Chagall","Death Becomes Her",1992-07-30,1992,55000000,1.49e+08,4.8073,NA,NA,11500000,FALSE,323557685.592113,119434045.017223
1649,15903,"George Carlin",5,"Rufus","Bill & Ted's Bogus Journey",1991-07-19,1991,20000000,38040268,1.7315,91746,"Bill & Ted Collection",-11959732,TRUE,85107482.5186882,44745995.2273145
337404,7056,"Emma Thompson",1,"The Baroness","Cruella",2021-05-26,2021,200000000,233503234,15.0716,837007,"Cruella Collection",-266496766,TRUE,262571025.412445,224897121.050105
138103,1100,"Arnold Schwarzenegger",3,"Trench","The Expendables 3",2014-08-07,2014,95000000,214657577,9.014,126125,"The Expendables Collection",-22842423,TRUE,276284373.897511,122273883.303283
238713,9827,"Rose Byrne",1,"Raina Boyanov","Spy",2015-05-06,2015,65000000,235666219,8.5245,NA,NA,73166219,FALSE,302965061.862567,83561950.9008496
82992,22123,"Jordana Brewster",3,"Mia Toretto","Fast & Furious 6",2013-05-21,2013,160000000,788700000,1.2125,9485,"The Fast and the Furious Collection",388700000,TRUE,1031598332.77589,209275685.614482
4133,3052,"Rachel Griffiths",3,"Ermine Jung","Blow",2001-04-04,2001,53000000,83300000,5.512,NA,NA,-49200000,FALSE,143345116.105045,91203975.432982
10948,3461,"Jack Albertson",3,"Amos Slade (voice)","The Fox and the Hound",1981-07-10,1981,12000000,29800000,6.9407,100970,"The Fox and the Hound Collection",-2e+05,TRUE,99863702.8686647,40213571.6249656
96,776,"Eddie Murphy",0,"Axel Foley","Beverly Hills Cop II",1987-05-18,1987,28000000,299965036,4.6069,85861,"Beverly Hills Cop Collection",229965036,TRUE,804398868.328628,75085978.7312065
1858,19537,"Megan Fox",1,"Mikaela Banes","Transformers",2007-06-27,2007,150000000,709709780,3.5887,8650,"Transformers Collection",334709780,TRUE,1042959261.06044,220433610.424624
14412,1352413,"J.A. Preston",4,"Oscar Grace","Body Heat",1981-08-28,1981,9000000,24058838,2.5339,NA,NA,1558838,FALSE,80624317.0938704,30160178.7187242
514207,1631759,"Alexander Petrov",0,"Artyom / Thomas","Invasion",2020-02-27,2020,8819200,32104054,4.0478,604246,"Attraction Collection",10056054,TRUE,37796499.3211351,10382953.0941156
38050,53650,"Anthony Mackie",3,"Harry Mitchell","The Adjustment Bureau",2011-03-03,2011,50200000,127900000,5.2319,NA,NA,2400000,FALSE,173252764.673412,68000694.1876878
172,1752,"George Takei",4,"Cmdr. Hikaru Sulu","Star Trek V: The Final Frontier",1989-06-09,1989,33000000,6.3e+07,2.8778,151,"Star Trek: The Original Series Collection",-19500000,TRUE,154849688.760419,81111741.7316483
8838,62,"Bruce Willis",0,"Art Jeffries","Mercury Rising",1998-04-03,1998,60000000,93100000,2.3267,NA,NA,-56900000,FALSE,174026179.080824,112154358.161648
20662,2201,"Max von Sydow",2,"Sir Walter Loxley","Robin Hood",2010-05-12,2010,200000000,321669741,6.3303,NA,NA,-178330259,FALSE,449487765.239231,279471587.126519
9574,4726,"Marcia Gay Harden",1,"Dr. Sara Jean Reynolds","Flubber",1997-11-26,1997,80000000,1.78e+08,5.1806,NA,NA,-2.2e+07,FALSE,337889410.237774,151860409.095629
853,228,"Ed Harris",3,"Major König","Enemy at the Gates",2001-02-28,2001,68000000,96976270,5.7413,NA,NA,-73023730,FALSE,166879648.050231,117016421.310241
10764,59620,"Gemma Arterton",5,"Strawberry Fields","Quantum of Solace",2008-10-29,2008,200000000,589593688,10.9805,645,"James Bond Collection",89593688,TRUE,834408008.5319,283045095.466456
10192,6941,"Cameron Diaz",2,"Princess Fiona (voice)","Shrek Forever After",2010-05-20,2010,165000000,752600867,18.4647,2150,"Shrek Collection",340100867,TRUE,1051652793.86642,230564059.379378
480530,62561,"Tessa Thompson",2,"Bianca","Creed II",2018-11-21,2018,50000000,214200000,5.788,553717,"Creed Collection",89200000,TRUE,259917574.856917,60671702.8144064
9079,55152,"Campbell Scott",1,"Victor Gaddes","Dying Young",1991-06-20,1991,18000000,82264675,1.6186,NA,NA,37264675,FALSE,184050737.746329,40271395.704583
16471,1535,"Brian Doyle-Murray",5,"Brian Stills","Modern Problems",1981-12-25,1981,8000000,26154211,0.5096,NA,NA,6154211,FALSE,87646186.445247,26809047.7499771
10601,11616,"Olivia Williams",4,"Mary Darling","Peter Pan",2003-12-18,2003,100000000,121975011,4.0957,NA,NA,-128024989,FALSE,202034766.815678,165636194.790487
11037,1213094,"Caroline Lagerfelt",5,"Elizabeth Masters","Iron Eagle",1986-01-17,1986,18000000,24159872,4.0943,123251,"Iron Eagle Collection",-20840128,TRUE,67162331.8013898,50038426.2145518
11551,5724,"Denis Leary",2,"Gil Mars","Small Soldiers",1998-07-10,1998,40000000,54682547,4.4715,NA,NA,-45317453,FALSE,102214766.023819,74769572.1077655
10658,1063,"Lea Thompson",0,"Beverly Switzler","Howard the Duck",1986-08-01,1986,37000000,3.8e+07,2.1248,NA,NA,-54500000,FALSE,105636677.564054,102856764.996579
6795,51297,"Jonah Bobo",1,"Danny Budwing","Zathura: A Space Adventure",2005-11-06,2005,65000000,65079104,5.9803,NA,NA,-97420896,FALSE,101538925.696,101415504.587156
21291,12836,"Ted Danson",1,"John Tremont","Dad",1989-10-27,1989,19000000,19738015,3.4256,NA,NA,-27761985,FALSE,48514690.1507697,46700699.7848884
1422,1892,"Matt Damon",1,"Colin","The Departed",2006-10-04,2006,90000000,291465000,11.4389,NA,NA,66465000,FALSE,440543244.940267,136033115.621512
10228,65424,"Rica Matsumoto",0,"Satoshi (voice)","Pokémon: The First Movie",1998-07-18,1998,30000000,163644940,4.8619,34055,"Pokémon Collection",88644940,TRUE,305891553.535024,56077179.0808241
353616,221098,"Anna Camp",5,"Aubrey Posen","Pitch Perfect 3",2017-12-20,2017,45000000,185400345,3.9097,306031,"Pitch Perfect Collection",72900345,TRUE,230466199.003056,55938293.7239817
1125,14386,"Beyoncé",1,"Deena Jones","Dreamgirls",2006-12-25,2006,70000000,154937680,4.5074,NA,NA,-20062320,FALSE,234185059.306321,105803534.372287
668482,1115,"Stephen Graham",3,"Mr. Wormwood","Roald Dahl's Matilda the Musical",2022-11-25,2022,25000000,37289659,4.1392,NA,NA,-25210341,FALSE,38824627.5465846,26029084.5959362
64682,6193,"Leonardo DiCaprio",0,"Jay Gatsby","The Great Gatsby",2013-05-09,2013,105000000,351040419,7.3461,NA,NA,88540419,FALSE,459151402.278875,137337168.684504
10357,8256,"Anne Heche",1,"Dr. Amy Barnes","Volcano",1997-04-25,1997,90000000,122823468,5.1932,NA,NA,-102176532,FALSE,233150276.212798,170842960.232582
1635,3061,"Ewan McGregor",0,"Lincoln Six Echo / Tom Lincoln","The Island",2005-07-21,2005,126000000,162949164,5.7457,NA,NA,-152050836,FALSE,254239564.447927,196590055.045872
9502,11701,"Angelina Jolie",1,"Tigress (voice)","Kung Fu Panda",2008-06-04,2008,130000000,632091832,17.8991,77816,"Kung Fu Panda Collection",307091832,TRUE,894552464.660036,183979312.053196
9409,2880,"Emilio Estevez",1,"Det. Bill Reimers","Another Stakeout",1993-07-22,1993,30000000,30008496,0.8528,162028,"Stakeout Collection",-44991504,TRUE,63296010.9234635,63278090.5682146
9615,116278,"Brian Tee",4,"D.K.","The Fast and the Furious: Tokyo Drift",2006-06-03,2006,85000000,158964610,2.4101,9485,"The Fast and the Furious Collection",-53535390,TRUE,240271679.687318,128475720.309206
502356,1397778,"Anya Taylor-Joy",1,"Princess Peach (voice)","The Super Mario Bros. Movie",2023-04-05,2023,100000000,1.362e+09,19.4645,1434561,"The Super Mario Collection",1.112e+09,TRUE,1.362e+09,1e+08
2665,9626,"Rip Torn",3,"Bud Kruger / President Reagan","Airplane II: The Sequel",1982-12-10,1982,15000000,27150534,3.2271,91663,"Airplane Collection",-10349466,TRUE,85728608.2709378,47362940.4145078
100402,4135,"Robert Redford",3,"Alexander Pierce","Captain America: The Winter Soldier",2014-03-20,2014,170000000,714766572,7.253,131295,"Captain America Collection",289766572,TRUE,919971414.882273,218805896.437455
15927,1292,"James Fox",3,"Richard Fielding","A Passage to India",1984-12-14,1984,14500000,4e+07,1.1564,NA,NA,3750000,FALSE,117324530.723568,42530142.3872934
88751,70785,"Anita Briem",2,"Hannah Ásgeirsson","Journey to the Center of the Earth",2008-07-10,2008,45000000,101702060,7.0214,605516,"Journey Collection",-10797940,TRUE,143931346.409176,63685146.4799526
11678,2053,"Bill Paxton",2,"Elliot Vaughn","Vertical Limit",2000-12-08,2000,75000000,215663859,3.1981,NA,NA,28163859,FALSE,381609287.485928,132709748.83856
951,12516,"Linda Hunt",3,"Miss Schlowski","Kindergarten Cop",1990-12-21,1990,15000000,201957688,2.6276,397444,"Kindergarten Cop Collection",164457688,TRUE,470975143.567365,34980729.000574
447277,10672,"Art Malik",5,"Sir Grimsby","The Little Mermaid",2023-05-18,2023,297000000,569626289,14.5551,NA,NA,-172873711,FALSE,569626289,2.97e+08
9922,11616,"Olivia Williams",3,"Abby","The Postman",1997-12-25,1997,80000000,17626234,5.7912,NA,NA,-182373766,FALSE,33459088.825691,151860409.095629
136400,13240,"Mark Wahlberg",1,"Michael 'Stig' Stigman","2 Guns",2013-08-02,2013,61000000,131940411,5.4973,NA,NA,-20559589,FALSE,172574499.826759,79786355.1405212
19995,65731,"Sam Worthington",0,"Jake Sully","Avatar",2009-12-16,2009,237000000,2923706026,102.5389,87096,"Avatar Collection",2331206026,TRUE,4152467198.30802,336605225.438969
955,15337,"John Polson",5,"Billy Baird","Mission: Impossible II",2000-05-24,2000,125000000,546388108,7.9438,87359,"Mission: Impossible Collection",233888108,TRUE,966813714.414079,221182914.730933
98566,64295,"Alan Ritchson",1,"Raphael","Teenage Mutant Ninja Turtles",2014-08-07,2014,125000000,485004754,8.8668,401562,"Teenage Mutant Ninja Turtles (Remake) Collection",172504754,TRUE,624246470.443513,160886688.556952
46195,1813,"Anne Hathaway",1,"Jewel (voice)","Rio",2011-04-03,2011,90000000,483866772,10.2705,229932,"Rio Collection",258866772,TRUE,655443752.79593,121913595.157209
31659,197994,"Louis Albano",5,"Frank ""The Fixer"" Acavano","Wise Guys",1986-04-17,1986,13000000,8475466,3.7436,NA,NA,-24024534,FALSE,23561054.4486079,36138863.3771763
49017,190895,"Sarah Gadon",1,"Mirena / Mina Murray","Dracula Untold",2014-10-01,2014,70000000,217124280,4.5055,NA,NA,42124280,FALSE,279459251.316099,90096545.5918931
207932,11107,"Ben Foster",5,"Bertrand Zobrist","Inferno",2016-10-13,2016,75000000,220021259,6.2264,115776,"Robert Langdon Collection",32521259,TRUE,279328433.877155,95216401.5241212
27958,16525,"Joe Spinell",5,"Patrolman DiSimone","Cruising",1980-02-15,1980,11000000,19814523,1.9341,NA,NA,-7685477,FALSE,73263422.361348,40672068.9655173
4244,62,"Bruce Willis",0,"Russ Duritz","The Kid",2000-07-07,2000,65000000,110317580,1.7679,NA,NA,-52182420,FALSE,195202911.123703,115015115.660085
11000,2157,"Robin Williams",0,"Armand Goldman","The Birdcage",1996-03-08,1996,31000000,185300000,4.0974,NA,NA,107800000,FALSE,359969419.13718,60221543.4066518
12235,9979,"Peter Coyote",2,"Thomas Krasny","Jagged Edge",1985-10-04,1985,15000000,40491165,1.5048,NA,NA,2991165,FALSE,114698377.005063,42490149.5196777
278154,5724,"Denis Leary",2,"Diego (voice)","Ice Age: Collision Course",2016-06-23,2016,105000000,408579038,7.7224,8354,"Ice Age Collection",146079038,TRUE,518712343.153962,133302962.13377
157350,1159982,"Ansel Elgort",5,"Caleb Prior","Divergent",2014-03-14,2014,85000000,288885818,8.7576,283579,"Divergent Collection",76385818,TRUE,371823061.03269,109402948.218727
4327,140,"Lucy Liu",2,"Alex Munday","Charlie's Angels",2000-11-02,2000,92000000,264105545,7.0215,86029,"Charlie's Angels Collection",34105545,TRUE,467325073.917613,162790625.241967
10808,776,"Eddie Murphy",0,"Dr. John Dolittle","Dr. Dolittle 2",2001-06-22,2001,70000000,176100000,2.824,3169,"Dr. Dolittle Collection",1100000,TRUE,303038114.599021,120458080.760542
49529,21044,"Lynn Collins",1,"Dejah Thoris","John Carter",2012-03-07,2012,250000000,284100000,6.5426,NA,NA,-340900000,FALSE,377038386.215953,331783162.808829
10673,6952,"Charlie Sheen",1,"Bud Fox","Wall Street",1987-12-10,1987,15000000,43900000,3.6464,52783,"Wall Street Collection",6400000,TRUE,117724088.082142,40224631.4631463
10865,52300,"Claudia Christian",3,"Helga Katrina Sinclair (voice)","Atlantis: The Lost Empire",2001-06-02,2001,120000000,186053725,6.0476,100965,"Atlantis Collection",-113946275,TRUE,320166780.454996,206499567.018072
259316,10127,"Jon Voight",5,"Henry Shaw Sr.","Fantastic Beasts and Where to Find Them",2016-11-16,2016,180000000,809342332,10.2944,435259,"Fantastic Beasts Collection",359342332,TRUE,1027502192.72241,228519363.657891
21539,5292,"Denzel Washington",0,"Dudley","The Preacher's Wife",1996-12-13,1996,40000000,48100000,1.4469,NA,NA,-51900000,FALSE,93440523.8019339,77705217.2989055
8388,519,"Martin Short",2,"Ned Nederlander","¡Three Amigos!",1986-12-12,1986,25000000,39200000,2.7564,NA,NA,-23300000,FALSE,108972572.645024,69497814.1868775
37137,12949,"Priscilla Presley",1,"Jane Spencer","The Naked Gun 2½: The Smell of Fear",1991-06-28,1991,23000000,192030411,5.8195,37139,"Naked Gun Collection",134530411,TRUE,429629592.705262,51457894.5114116
8388,67773,"Steve Martin",1,"Lucky Day","¡Three Amigos!",1986-12-12,1986,25000000,39200000,2.7564,NA,NA,-23300000,FALSE,108972572.645024,69497814.1868775
68726,5365,"Clifton Collins Jr.",4,"Tendo Choi","Pacific Rim",2013-07-11,2013,180000000,4.11e+08,9.921,363369,"Pacific Rim Collection",-3.9e+07,TRUE,537576917.4222,235435146.316292
14289,65732,"Brad Hunt",3,"Orin Hanner Jr","Fire Down Below",1997-09-05,1997,60000000,16228448,2.5456,NA,NA,-133771552,FALSE,30805734.4033392,113895306.821722
76163,51576,"Chuck Norris",4,"Booker","The Expendables 2",2012-08-08,2012,100000000,314975955,8.0187,126125,"The Expendables Collection",64975955,TRUE,418014874.234525,132713265.123532
10661,53647,"Lainie Kazan",4,"Gail Klayman","You Don't Mess with the Zohan",2008-06-05,2008,90000000,204313400,6.3154,NA,NA,-20686600,FALSE,289149529.040381,127370292.959905
9359,5563,"James Coburn",5,"Commodore Duvall","Maverick",1994-05-20,1994,75000000,183031272,6.6891,NA,NA,-4468728,FALSE,376251768.446038,154175198.178445
420818,1981,"Alfre Woodard",5,"Sarabi (voice)","The Lion King",2019-07-12,2019,260000000,1662020819,10.5297,762512,"The Lion King (Reboot) Collection",1012020819,TRUE,1980855402.84774,309877228.283031
57165,65731,"Sam Worthington",0,"Perseus","Wrath of the Titans",2012-03-28,2012,150000000,301970083,6.2048,86780,"Clash of the Titans Collection",-73029917,TRUE,400754356.845538,199069897.685297
2057,3131,"Antonio Banderas",1,"Luis Antonio Vargas","Original Sin",2001-05-08,2001,42000000,35402320,7.4283,NA,NA,-69597680,FALSE,60921364.5952937,72274848.4563253
76758,1031246,"Tong Dawei",2,"Major Li","The Flowers of War",2011-12-15,2011,94000000,95311434,2.6215,NA,NA,-139688566,FALSE,129108439.761434,127331977.164196
12,13,"Albert Brooks",0,"Marlin (voice)","Finding Nemo",2003-05-30,2003,94000000,940335536,14.7825,137697,"Finding Nemo Collection",705335536,TRUE,1557536000.09313,155698023.103058
559974,940339,"Sean Lau Ching-Wan",1,"Tung Cheuk Man","Shock Wave 2",2020-12-24,2020,40000000,226400000,1.8639,762278,"Shock Wave Collection",126400000,TRUE,266543516.476298,47092494.0770845
676,9777,"Cuba Gooding Jr.",3,"Doris Miller","Pearl Harbor",2001-05-21,2001,140000000,449220945,8.8083,NA,NA,99220945,FALSE,773032755.316244,240916161.521084
11548,7668,"Hume Cronyn",0,"Frank Riley","*batteries not included",1987-12-18,1987,25000000,65088797,3.1059,NA,NA,2588797,FALSE,174544858.113636,67041052.4385772
10651,47932,"David Hunt",5,"Harlan Rook","The Dead Pool",1988-07-13,1988,20000000,37900000,2.8915,10456,"Dirty Harry Collection",-12100000,TRUE,97652230.3572687,51531519.9774505
127585,1327,"Ian McKellen",4,"Magneto","X-Men: Days of Future Past",2014-05-15,2014,250000000,746045700,12.0759,748,"X-Men Collection",121045700,TRUE,960230577.481225,321773377.113904
82700,120724,"Jaden Smith",0,"Kitai Raige","After Earth",2013-05-30,2013,130000000,243843127,4.0225,NA,NA,-81156873,FALSE,318940234.908151,170036494.561766
9849,12900,"Wallace Shawn",4,"Coleye","My Favorite Martian",1999-02-11,1999,65000000,36850101,2.8427,NA,NA,-125649899,FALSE,67406778.4523083,118899011.956576
1949,3223,"Robert Downey Jr.",3,"Paul Avery","Zodiac",2007-03-02,2007,65000000,84785914,8.564,NA,NA,-77714086,FALSE,124597767.574478,95521231.1840036
14239,77013,"Deirdre O'Connell",4,"Isabelle Malley","Cool World",1992-07-10,1992,30000000,14100000,5.9947,NA,NA,-60900000,FALSE,30618546.0862335,65145842.7366671
8665,14324,"Joss Ackland",3,"Marshal Zelentsov","K-19: The Widowmaker",2002-07-19,2002,100000000,65700000,2.6694,NA,NA,-184300000,FALSE,111293364.975678,169396293.722493
11285,11065,"Wilford Brimley",1,"Ben Luckett","Cocoon: The Return",1988-09-13,1988,17500000,2.5e+07,1.7419,86307,"Cocoon Collection",-18750000,TRUE,64414399.9718131,45090079.9802692
16558,52003,"Kathleen Chalfant",5,"Pam Frailes","Duplicity",2009-03-18,2009,60000000,78176181,4.3833,NA,NA,-71823819,FALSE,111031692.107437,85216512.7693591
940551,10556,"Carol Kane",5,"Erin (voice)","Migration",2023-12-06,2023,72000000,298776052,13.6761,NA,NA,118776052,FALSE,298776052,7.2e+07
9339,28238,"David Hasselhoff",3,"Ammer","Click",2006-06-23,2006,82500000,240685326,6.6199,NA,NA,34435326,FALSE,363790830.890659,124697022.653053
10627,780,"Ronny Cox",2,"Colonel Kerby","Taps",1981-12-20,1981,14000000,35900000,4.0211,NA,NA,9e+05,FALSE,120305601.778022,46915833.5624599
26505,116088,"Logan Miller",2,"Jake","Arthur and the Revenge of Maltazard",2009-11-26,2009,87000000,52377611,2.7589,85817,"Arthur and the Invisibles Collection",-165122389,TRUE,74390622.6101671,123563943.515571
497698,1373737,"Florence Pugh",1,"Yelena Belova","Black Widow",2021-07-07,2021,200000000,379751131,14.0011,NA,NA,-120248869,FALSE,427024680.387106,224897121.050105
2289,9137,"Renée Zellweger",2,"Ruby Thewes","Cold Mountain",2003-12-24,2003,79000000,173013509,3.9038,NA,NA,-24486491,FALSE,286572992.781097,130852593.884485
9986,8930,"John Cleese",3,"Samuel the Sheep (voice)","Charlotte's Web",2006-12-07,2006,85000000,148964660,3.8623,NA,NA,-63535340,FALSE,225156964.636658,128475720.309206
9359,16896,"James Garner",2,"Marshal Zane Cooper","Maverick",1994-05-20,1994,75000000,183031272,6.6891,NA,NA,-4468728,FALSE,376251768.446038,154175198.178445
18,8395,"Luke Perry",5,"Billy","The Fifth Element",1997-05-02,1997,90000000,263920180,17.4114,NA,NA,38920180,FALSE,500987831.2924,170842960.232582
8987,4787,"Joseph Mazzello",4,"Roarke Hartman","The River Wild",1994-09-30,1994,45000000,94216343,2.5006,NA,NA,-18283657,FALSE,193677644.715645,92505118.907067
161,1271,"Andy Garcia",2,"Terry Benedict","Ocean's Eleven",2001-12-07,2001,85000000,450717150,12.4124,304,"Ocean's Collection",238217150,TRUE,775607469.355163,146270526.637801
8984,3392,"Michael Douglas",0,"Tom Sanders","Disclosure",1994-12-09,1994,55000000,214015089,4.6684,NA,NA,76515089,FALSE,439944250.130034,113061811.997526
527774,1625558,"Awkwafina",1,"Sisu (voice)","Raya and the Last Dragon",2021-03-03,2021,100000000,130423032,9.9087,NA,NA,-119576968,FALSE,146658822.077129,112448560.525052
372399,237986,"Nadhiya",4,"Mahalakshmi, Anasuya's mother","A Aa",2016-06-02,2016,87933055,189432924,1.0083,NA,NA,-30399713.5,FALSE,240494951.379631,111635587.628302
75656,57755,"Woody Harrelson",1,"Merritt McKinney","Now You See Me",2013-05-29,2013,75000000,351723989,18.0193,382685,"Now You See Me Collection",164223989,TRUE,460045493.406472,98097977.6317884
616820,1511997,"Andi Matichak",1,"Allyson","Halloween Ends",2022-10-12,2022,33000000,104374176,3.6718,91361,"Halloween Collection",21874176,TRUE,108670570.269405,34358391.6666358
